file,start,end,n,dt_ms,trip,names,ch0_min,ch0_max,ch1_min,ch1_max,ch2_min,ch2_max
ring_103059.csv,10:30:54.525,10:30:59.625,256,20.0,0,wm_hat_hz/iq/iq_shed,0.0,0.0,0.0,0.0,1.0,1.0
ring_103138.csv,10:31:33.891,10:31:38.991,256,20.0,0,wm_hat_hz/iq/iq_shed,0.0,0.0,0.0,0.0,1.0,1.0
ring_103218.csv,10:32:13.194,10:32:18.294,256,20.0,0,wm_hat_hz/iq/iq_shed,4.498,6.5,-0.944,0.632,1.0,1.0
ring_103257.csv,10:32:52.448,10:32:57.548,256,20.0,0,wm_hat_hz/iq/iq_shed,15.022,18.55,2.154,6.296,1.0,1.0
ring_103336.csv,10:33:31.781,10:33:36.881,256,20.0,0,wm_hat_hz/iq/iq_shed,24.188,27.67,5.976,15.45,1.0,1.0
ring_103417.csv,10:34:12.234,10:34:17.334,256,20.0,0,wm_hat_hz/iq/iq_shed,33.63,37.102,19.774,25.75,1.0,1.0
ring_103456.csv,10:34:51.663,10:34:56.763,256,20.0,0,wm_hat_hz/iq/iq_shed,41.182,45.614,39.926,45.594,1.0,1.0
ring_103536.csv,10:35:31.125,10:35:36.225,256,20.0,0,wm_hat_hz/iq/iq_shed,41.162,45.836,39.694,45.094,1.0,1.0
ring_103615.csv,10:36:10.362,10:36:15.462,256,20.0,0,wm_hat_hz/iq/iq_shed,41.296,45.82,39.644,45.706,1.0,1.0
ring_103654.csv,10:36:49.872,10:36:54.972,256,20.0,0,wm_hat_hz/iq/iq_shed,41.636,45.626,39.564,45.062,1.0,1.0
ring_103734.csv,10:37:29.173,10:37:34.273,256,20.0,0,wm_hat_hz/iq/iq_shed,41.758,46.182,39.684,45.552,1.0,1.0
ring_103813.csv,10:38:08.618,10:38:13.718,256,20.0,0,wm_hat_hz/iq/iq_shed,41.566,46.188,39.496,45.67,1.0,1.0
trip_103853.csv,,,256,20.0,1,wm_hat_hz/iq/iq_shed,22.88,30.59,4.62,18.076,0.477,1.0
ring_103932.csv,10:39:27.190,10:39:32.290,256,20.0,0,wm_hat_hz/iq/iq_shed,25.418,28.446,8.334,15.624,1.0,1.0
ring_104011.csv,10:40:06.651,10:40:11.751,256,20.0,0,wm_hat_hz/iq/iq_shed,27.38,30.678,10.564,18.14,1.0,1.0
ring_104051.csv,10:40:46.129,10:40:51.229,256,20.0,0,wm_hat_hz/iq/iq_shed,36.288,40.176,24.062,29.958,1.0,1.0
ring_104130.csv,10:41:25.399,10:41:30.499,256,20.0,0,wm_hat_hz/iq/iq_shed,40.696,45.338,38.448,45.044,1.0,1.0
ring_104209.csv,10:42:04.780,10:42:09.880,256,20.0,0,wm_hat_hz/iq/iq_shed,40.818,44.938,36.602,42.944,1.0,1.0
ring_104250.csv,10:42:45.201,10:42:50.301,256,20.0,0,wm_hat_hz/iq/iq_shed,40.944,45.438,37.632,43.594,1.0,1.0
ring_104424.csv,10:44:14.370,10:44:24.570,256,40.0,0,wm_hat_hz/iq/iq_shed,40.924,44.982,36.154,42.184,1.0,1.0
ring_104458.csv,10:44:48.091,10:44:58.291,256,40.0,0,wm_hat_hz/iq/iq_shed,40.782,46.212,38.224,45.248,1.0,1.0
ring_104533.csv,10:45:22.900,10:45:33.100,256,40.0,0,wm_hat_hz/iq/iq_shed,41.016,45.778,40.142,45.75,1.0,1.0
ring_104607.csv,10:45:56.861,10:46:07.061,256,40.0,0,wm_hat_hz/iq/iq_shed,41.936,45.8,39.968,44.74,1.0,1.0
ring_104640.csv,10:46:30.679,10:46:40.879,256,40.0,0,wm_hat_hz/iq/iq_shed,42.19,46.666,39.898,45.134,1.0,1.0
trip_104715.csv,,,244,40.0,1,wm_hat_hz/iq/iq_shed,29.578,46.446,15.782,44.948,0.415,1.0
ring_104748.csv,10:47:38.251,10:47:48.451,256,40.0,0,wm_hat_hz/iq/iq_shed,27.276,30.882,10.808,17.428,1.0,1.0
ring_104822.csv,10:48:12.101,10:48:22.301,256,40.0,0,wm_hat_hz/iq/iq_shed,26.544,30.448,10.034,16.94,1.0,1.0
ring_104857.csv,10:48:46.846,10:48:57.046,256,40.0,0,wm_hat_hz/iq/iq_shed,31.702,35.742,16.676,23.222,1.0,1.0
ring_104931.csv,10:49:20.936,10:49:31.136,256,40.0,0,wm_hat_hz/iq/iq_shed,39.002,43.854,29.452,37.524,1.0,1.0
ring_105004.csv,10:49:54.481,10:50:04.681,256,40.0,0,wm_hat_hz/iq/iq_shed,41.518,46.012,39.572,45.432,1.0,1.0
ring_105038.csv,10:50:28.300,10:50:38.500,256,40.0,0,wm_hat_hz/iq/iq_shed,41.49,46.13,40.004,45.578,1.0,1.0
ring_105112.csv,10:51:02.053,10:51:12.253,256,40.0,0,wm_hat_hz/iq/iq_shed,41.854,46.302,39.594,45.652,1.0,1.0
ring_105145.csv,10:51:35.535,10:51:45.735,256,40.0,0,wm_hat_hz/iq/iq_shed,41.568,46.564,39.732,44.952,1.0,1.0
ring_105254.csv,10:52:54.251,10:52:54.659,256,1.6,0,vdc_units/iq_ref/v_demand,471.72,472.06,50.298,50.82,213.3,279.34
ring_105329.csv,10:53:28.819,10:53:29.227,256,1.6,0,vdc_units/iq_ref/v_demand,473.26,473.6,50.314,50.85,215.98,283.89
ring_105402.csv,10:54:02.429,10:54:02.837,256,1.6,0,vdc_units/iq_ref/v_demand,474.66,475.12,50.288,50.828,213.34,282.24
ring_105436.csv,10:54:36.056,10:54:36.464,256,1.6,0,vdc_units/iq_ref/v_demand,474.64,475.06,50.344,50.8,206.92,283.19
ring_105510.csv,10:55:09.906,10:55:10.314,256,1.6,0,vdc_units/iq_ref/v_demand,473.88,474.3,50.306,50.852,212.05,284.62
trip_105543.csv,,,256,1.6,1,vdc_units/iq_ref/v_demand,275.6,474.96,50.252,52.55,143.82,322.1
ring_105617.csv,10:56:17.239,10:56:17.647,256,1.6,0,vdc_units/iq_ref/v_demand,483.0,483.32,3.146,4.52,81.59,128.17
ring_105651.csv,10:56:50.977,10:56:51.385,256,1.6,0,vdc_units/iq_ref/v_demand,474.32,474.38,6.784,7.834,115.91,186.55
ring_105725.csv,10:57:24.939,10:57:25.347,256,1.6,0,vdc_units/iq_ref/v_demand,515.78,515.86,16.368,17.786,160.74,235.87
ring_105759.csv,10:57:59.460,10:57:59.868,256,1.6,0,vdc_units/iq_ref/v_demand,496.06,496.44,29.0,29.954,208.14,274.04
ring_105833.csv,10:58:33.166,10:58:33.574,256,1.6,0,vdc_units/iq_ref/v_demand,474.18,474.36,50.336,50.752,218.83,283.5
ring_105908.csv,10:59:07.784,10:59:08.192,256,1.6,0,vdc_units/iq_ref/v_demand,474.62,475.08,50.276,50.802,208.79,281.96
ring_105942.csv,10:59:41.699,10:59:42.107,256,1.6,0,vdc_units/iq_ref/v_demand,474.5,474.7,50.33,50.824,216.72,280.66
ring_110015.csv,11:00:15.452,11:00:15.860,256,1.6,0,vdc_units/iq_ref/v_demand,474.32,474.7,50.284,50.786,214.0,280.26
ring_110130.csv,11:01:30.522,11:01:30.930,256,1.6,0,vDcInst/iq/i_trk_err,473.6,476.98,40.052,45.826,4.652,10.774
ring_110204.csv,11:02:04.308,11:02:04.716,256,1.6,0,vDcInst/iq/i_trk_err,474.57,477.47,39.694,45.534,4.948,10.932
ring_110239.csv,11:02:38.719,11:02:39.127,256,1.6,0,vDcInst/iq/i_trk_err,474.57,477.23,39.378,45.09,5.412,11.332
ring_110313.csv,11:03:13.224,11:03:13.632,256,1.6,0,vDcInst/iq/i_trk_err,474.32,476.98,39.988,45.456,5.04,10.776
ring_110347.csv,11:03:46.899,11:03:47.307,256,1.6,0,vDcInst/iq/i_trk_err,474.08,476.74,40.2,45.53,4.902,10.45
trip_110423.csv,,,256,1.6,1,vDcInst/iq/i_trk_err,201.14,476.74,33.138,47.404,5.55,19.42
ring_110458.csv,11:04:57.782,11:04:58.190,256,1.6,0,vDcInst/iq/i_trk_err,481.34,483.27,2.534,6.492,0.038,1.944
ring_110531.csv,11:05:31.567,11:05:31.975,256,1.6,0,vDcInst/iq/i_trk_err,521.23,522.92,4.75,10.726,0.424,2.926
ring_110605.csv,11:06:05.433,11:06:05.841,256,1.6,0,vDcInst/iq/i_trk_err,514.94,516.87,13.998,19.802,0.174,3.114
ring_110639.csv,11:06:39.108,11:06:39.516,256,1.6,0,vDcInst/iq/i_trk_err,496.81,499.71,26.622,31.14,0.026,2.826
ring_110713.csv,11:07:13.008,11:07:13.416,256,1.6,0,vDcInst/iq/i_trk_err,474.81,477.71,39.514,45.348,5.038,11.244
ring_110747.csv,11:07:46.618,11:07:47.026,256,1.6,0,vDcInst/iq/i_trk_err,473.84,477.23,40.4,45.072,5.454,10.326
ring_110820.csv,11:08:20.404,11:08:20.812,256,1.6,0,vDcInst/iq/i_trk_err,475.53,478.68,39.35,45.284,5.14,11.458
ring_110854.csv,11:08:54.112,11:08:54.520,256,1.6,0,vDcInst/iq/i_trk_err,476.02,478.68,39.722,45.506,5.104,10.902
ring_110928.csv,11:09:27.802,11:09:28.210,256,1.6,0,vDcInst/iq/i_trk_err,474.57,477.23,39.684,45.114,5.45,10.998
ring_111001.csv,11:10:01.572,11:10:01.980,256,1.6,0,vDcInst/iq/i_trk_err,474.81,477.47,39.432,45.492,5.172,11.278
ring_111035.csv,11:10:35.407,11:10:35.815,256,1.6,0,vDcInst/iq/i_trk_err,473.36,476.02,39.506,45.352,5.268,11.158
ring_111109.csv,11:11:08.985,11:11:09.393,256,1.6,0,vDcInst/iq/i_trk_err,472.87,476.02,40.082,45.344,5.112,10.716
ring_111143.csv,11:11:42.837,11:11:43.245,256,1.6,0,vDcInst/iq/i_trk_err,472.63,475.78,39.592,45.324,5.146,11.07
ring_111216.csv,11:12:16.527,11:12:16.935,256,1.6,0,vDcInst/iq/i_trk_err,473.36,476.02,39.468,45.17,5.258,11.306
ring_111250.csv,11:12:50.328,11:12:50.736,256,1.6,0,vDcInst/iq/i_trk_err,471.67,474.57,39.322,45.712,4.882,11.388
ring_111406.csv,11:13:56.426,11:14:06.626,256,40.0,0,wm_hat_hz/iq/iq_shed,41.862,46.466,39.726,45.77,1.0,1.0
ring_111440.csv,11:14:30.308,11:14:40.508,256,40.0,0,wm_hat_hz/iq/iq_shed,41.758,46.044,39.496,45.394,1.0,1.0
ring_111514.csv,11:15:03.983,11:15:14.183,256,40.0,0,wm_hat_hz/iq/iq_shed,41.666,46.336,39.812,45.054,1.0,1.0
ring_111549.csv,11:15:38.825,11:15:49.025,256,40.0,0,wm_hat_hz/iq/iq_shed,41.454,46.56,39.37,45.532,1.0,1.0
trip_111622.csv,,,245,40.0,1,wm_hat_hz/iq/iq_shed,29.486,45.864,21.272,45.39,0.531,1.0
ring_111657.csv,11:16:47.308,11:16:57.508,256,40.0,0,wm_hat_hz/iq/iq_shed,27.68,31.966,12.174,18.302,1.0,1.0
ring_111731.csv,11:17:21.510,11:17:31.710,256,40.0,0,wm_hat_hz/iq/iq_shed,27.86,31.908,11.938,18.28,1.0,1.0
ring_111805.csv,11:17:55.025,11:18:05.225,256,40.0,0,wm_hat_hz/iq/iq_shed,33.034,37.52,19.226,26.018,1.0,1.0
ring_111839.csv,11:18:28.892,11:18:39.092,256,40.0,0,wm_hat_hz/iq/iq_shed,40.642,45.526,33.302,45.252,1.0,1.0
ring_111912.csv,11:19:02.598,11:19:12.798,256,40.0,0,wm_hat_hz/iq/iq_shed,42.044,46.24,39.92,44.802,1.0,1.0
ring_111946.csv,11:19:36.337,11:19:46.537,256,40.0,0,wm_hat_hz/iq/iq_shed,41.804,46.28,39.378,45.314,1.0,1.0
ring_112020.csv,11:20:10.075,11:20:20.275,256,40.0,0,wm_hat_hz/iq/iq_shed,41.628,46.548,39.446,45.572,1.0,1.0
ring_112054.csv,11:20:43.862,11:20:54.062,256,40.0,0,wm_hat_hz/iq/iq_shed,41.982,46.166,39.65,45.438,1.0,1.0
ring_112127.csv,11:21:17.552,11:21:27.752,256,40.0,0,wm_hat_hz/iq/iq_shed,41.752,46.19,39.698,45.758,1.0,1.0
trip_112201.csv,,,244,40.0,1,wm_hat_hz/iq/iq_shed,30.13,45.998,16.014,44.832,0.418,1.0
ring_112236.csv,11:22:25.861,11:22:36.061,256,40.0,0,wm_hat_hz/iq/iq_shed,26.478,30.79,10.436,17.594,0.995,1.0
ring_112311.csv,11:23:01.678,11:23:11.878,256,40.0,0,wm_hat_hz/iq/iq_shed,26.704,30.998,10.544,18.326,0.999,1.0
ring_112345.csv,11:23:35.337,11:23:45.537,256,40.0,0,wm_hat_hz/iq/iq_shed,32.63,36.646,17.952,26.018,1.0,1.0
ring_112419.csv,11:24:09.188,11:24:19.388,256,40.0,0,wm_hat_hz/iq/iq_shed,40.328,44.62,32.646,43.65,1.0,1.0
ring_112453.csv,11:24:42.943,11:24:53.143,256,40.0,0,wm_hat_hz/iq/iq_shed,41.658,45.922,39.434,44.868,1.0,1.0
ring_112526.csv,11:25:16.697,11:25:26.897,256,40.0,0,wm_hat_hz/iq/iq_shed,41.696,45.998,39.424,45.322,1.0,1.0
ring_112601.csv,11:25:51.428,11:26:01.628,256,40.0,0,wm_hat_hz/iq/iq_shed,41.542,46.18,39.502,45.38,1.0,1.0
ring_112635.csv,11:26:25.245,11:26:35.445,256,40.0,0,wm_hat_hz/iq/iq_shed,41.944,45.81,39.996,45.2,1.0,1.0
ring_112709.csv,11:26:59.592,11:27:09.792,256,40.0,0,wm_hat_hz/iq/iq_shed,41.46,46.194,39.386,45.364,1.0,1.0
ring_112744.csv,11:27:34.194,11:27:44.394,256,40.0,0,wm_hat_hz/iq/iq_shed,42.152,46.378,39.454,44.864,1.0,1.0
ring_112818.csv,11:28:08.173,11:28:18.373,256,40.0,0,wm_hat_hz/iq/iq_shed,41.544,46.432,39.374,45.584,1.0,1.0
ring_112852.csv,11:28:41.895,11:28:52.095,256,40.0,0,wm_hat_hz/iq/iq_shed,41.422,46.218,39.454,45.644,1.0,1.0
ring_112925.csv,11:29:15.619,11:29:25.819,256,40.0,0,wm_hat_hz/iq/iq_shed,41.94,46.29,39.432,44.978,1.0,1.0
ring_112959.csv,11:29:49.389,11:29:59.589,256,40.0,0,wm_hat_hz/iq/iq_shed,41.602,46.006,39.724,45.062,1.0,1.0
ring_113034.csv,11:30:24.118,11:30:34.318,256,40.0,0,wm_hat_hz/iq/iq_shed,41.53,45.656,40.068,45.254,1.0,1.0
ring_113108.csv,11:30:58.080,11:31:08.280,256,40.0,0,wm_hat_hz/iq/iq_shed,41.742,46.06,39.978,44.774,1.0,1.0
ring_113142.csv,11:31:31.851,11:31:42.051,256,40.0,0,wm_hat_hz/iq/iq_shed,41.894,46.004,39.574,45.042,1.0,1.0
ring_113215.csv,11:32:05.590,11:32:15.790,256,40.0,0,wm_hat_hz/iq/iq_shed,41.982,46.388,39.584,45.076,1.0,1.0
ring_113250.csv,11:32:40.368,11:32:50.568,256,40.0,0,wm_hat_hz/iq/iq_shed,41.62,46.146,39.67,45.718,1.0,1.0
ring_113324.csv,11:33:14.186,11:33:24.386,256,40.0,0,wm_hat_hz/iq/iq_shed,41.924,46.146,39.682,45.546,1.0,1.0
ring_113359.csv,11:33:48.997,11:33:59.197,256,40.0,0,wm_hat_hz/iq/iq_shed,42.042,46.442,39.836,45.382,1.0,1.0
ring_113433.csv,11:34:22.815,11:34:33.015,256,40.0,0,wm_hat_hz/iq/iq_shed,41.946,45.9,40.132,45.368,1.0,1.0
ring_113506.csv,11:34:56.729,11:35:06.929,256,40.0,0,wm_hat_hz/iq/iq_shed,41.394,45.992,39.974,45.244,1.0,1.0
ring_133659.csv,13:36:49.274,13:36:59.474,256,40.0,0,wm_hat_hz/iq/iq_shed,20.624,25.316,3.606,9.616,1.0,1.0
ring_133733.csv,13:37:23.109,13:37:33.309,256,40.0,0,wm_hat_hz/iq/iq_shed,28.608,33.882,11.502,19.906,1.0,1.0
ring_133807.csv,13:37:56.863,13:38:07.063,256,40.0,0,wm_hat_hz/iq/iq_shed,36.724,40.888,24.162,32.012,1.0,1.0
ring_133840.csv,13:38:30.539,13:38:40.739,256,40.0,0,wm_hat_hz/iq/iq_shed,42.004,46.594,39.37,44.906,1.0,1.0
ring_133914.csv,13:39:04.325,13:39:14.525,256,40.0,0,wm_hat_hz/iq/iq_shed,41.942,46.57,40.106,45.29,1.0,1.0
ring_133948.csv,13:39:38.064,13:39:48.264,256,40.0,0,wm_hat_hz/iq/iq_shed,41.5,46.534,39.48,45.484,1.0,1.0
ring_134021.csv,13:40:11.755,13:40:21.955,256,40.0,0,wm_hat_hz/iq/iq_shed,41.884,46.55,39.72,44.686,1.0,1.0
ring_134056.csv,13:40:46.085,13:40:56.285,256,40.0,0,wm_hat_hz/iq/iq_shed,41.948,46.51,39.654,44.954,1.0,1.0
ring_134129.csv,13:41:19.744,13:41:29.944,256,40.0,0,wm_hat_hz/iq/iq_shed,41.812,46.552,39.608,45.618,1.0,1.0
ring_134204.csv,13:41:54.457,13:42:04.657,256,40.0,0,wm_hat_hz/iq/iq_shed,42.09,46.362,39.634,45.138,1.0,1.0
ring_134238.csv,13:42:28.405,13:42:38.605,256,40.0,0,wm_hat_hz/iq/iq_shed,42.49,46.74,39.468,45.002,1.0,1.0
ring_134312.csv,13:43:02.239,13:43:12.439,256,40.0,0,wm_hat_hz/iq/iq_shed,41.922,46.542,39.822,44.982,1.0,1.0
ring_134346.csv,13:43:35.866,13:43:46.066,256,40.0,0,wm_hat_hz/iq/iq_shed,41.786,46.824,39.378,45.626,1.0,1.0
ring_134419.csv,13:44:09.685,13:44:19.885,256,40.0,0,wm_hat_hz/iq/iq_shed,42.004,46.648,39.682,45.284,1.0,1.0
ring_134453.csv,13:44:43.344,13:44:53.544,256,40.0,0,wm_hat_hz/iq/iq_shed,41.954,47.016,39.516,45.174,1.0,1.0
ring_134527.csv,13:45:17.177,13:45:27.377,256,40.0,0,wm_hat_hz/iq/iq_shed,41.796,46.638,40.136,45.592,1.0,1.0
ring_134601.csv,13:45:50.885,13:46:01.085,256,40.0,0,wm_hat_hz/iq/iq_shed,41.704,46.898,39.366,45.62,1.0,1.0
ring_134634.csv,13:46:24.624,13:46:34.824,256,40.0,0,wm_hat_hz/iq/iq_shed,41.906,46.476,40.224,44.43,1.0,1.0
ring_134709.csv,13:46:58.921,13:47:09.121,256,40.0,0,wm_hat_hz/iq/iq_shed,42.27,46.52,39.47,44.458,1.0,1.0
ring_134743.csv,13:47:32.869,13:47:43.069,256,40.0,0,wm_hat_hz/iq/iq_shed,41.736,46.902,39.658,45.832,1.0,1.0
ring_134816.csv,13:48:06.624,13:48:16.824,256,40.0,0,wm_hat_hz/iq/iq_shed,41.53,46.38,39.58,45.988,1.0,1.0
ring_134851.csv,13:48:41.370,13:48:51.570,256,40.0,0,wm_hat_hz/iq/iq_shed,41.504,46.976,39.552,45.604,1.0,1.0
ring_134925.csv,13:49:15.573,13:49:25.773,256,40.0,0,wm_hat_hz/iq/iq_shed,41.718,46.2,40.042,45.784,1.0,1.0
ring_134959.csv,13:49:49.616,13:49:59.816,256,40.0,0,wm_hat_hz/iq/iq_shed,42.064,46.678,39.676,44.35,1.0,1.0
ring_135034.csv,13:50:23.850,13:50:34.050,256,40.0,0,wm_hat_hz/iq/iq_shed,42.12,46.582,39.26,45.064,1.0,1.0
ring_135108.csv,13:50:57.844,13:51:08.044,256,40.0,0,wm_hat_hz/iq/iq_shed,42.216,46.682,39.838,44.916,1.0,1.0
ring_135141.csv,13:51:31.630,13:51:41.830,256,40.0,0,wm_hat_hz/iq/iq_shed,42.046,46.944,39.402,45.17,1.0,1.0
ring_135215.csv,13:52:05.290,13:52:15.490,256,40.0,0,wm_hat_hz/iq/iq_shed,41.556,46.358,40.048,45.084,1.0,1.0
ring_135249.csv,13:52:39.076,13:52:49.276,256,40.0,0,wm_hat_hz/iq/iq_shed,41.802,47.034,39.454,45.71,1.0,1.0
ring_135323.csv,13:53:12.815,13:53:23.015,256,40.0,0,wm_hat_hz/iq/iq_shed,41.512,46.232,39.788,45.57,1.0,1.0
ring_135356.csv,13:53:46.553,13:53:56.753,256,40.0,0,wm_hat_hz/iq/iq_shed,41.946,46.276,39.982,45.562,1.0,1.0
ring_135431.csv,13:54:20.916,13:54:31.116,256,40.0,0,wm_hat_hz/iq/iq_shed,41.9,46.714,39.984,45.438,1.0,1.0
ring_135505.csv,13:54:54.862,13:55:05.062,256,40.0,0,wm_hat_hz/iq/iq_shed,41.628,46.804,39.71,45.576,1.0,1.0
ring_135538.csv,13:55:28.568,13:55:38.768,256,40.0,0,wm_hat_hz/iq/iq_shed,41.732,46.474,39.93,44.754,1.0,1.0
ring_135613.csv,13:56:03.330,13:56:13.530,256,40.0,0,wm_hat_hz/iq/iq_shed,42.0,46.682,39.476,45.652,1.0,1.0
ring_135648.csv,13:56:37.837,13:56:48.037,256,40.0,0,wm_hat_hz/iq/iq_shed,41.68,46.634,39.89,45.388,1.0,1.0
ring_135721.csv,13:57:11.479,13:57:21.679,256,40.0,0,wm_hat_hz/iq/iq_shed,41.714,46.926,39.406,45.69,1.0,1.0
ring_135755.csv,13:57:45.219,13:57:55.419,256,40.0,0,wm_hat_hz/iq/iq_shed,41.84,46.652,39.588,45.062,1.0,1.0
ring_144004.csv,14:39:54.066,14:40:04.266,256,40.0,0,wm_hat_hz/iq/iq_shed,6.898,11.46,-1.198,3.424,1.0,1.0
ring_144038.csv,14:40:27.997,14:40:38.197,256,40.0,0,wm_hat_hz/iq/iq_shed,15.414,19.856,1.94,6.336,1.0,1.0
ring_144112.csv,14:41:02.774,14:41:12.974,256,40.0,0,wm_hat_hz/iq/iq_shed,23.936,27.876,4.934,10.54,1.0,1.0
ring_144146.csv,14:41:36.674,14:41:46.874,256,40.0,0,wm_hat_hz/iq/iq_shed,30.88,36.246,15.132,22.276,1.0,1.0
ring_144220.csv,14:42:10.461,14:42:20.661,256,40.0,0,wm_hat_hz/iq/iq_shed,39.182,43.576,29.542,38.212,1.0,1.0
ring_144254.csv,14:42:44.344,14:42:54.544,256,40.0,0,wm_hat_hz/iq/iq_shed,40.45,44.324,33.414,39.336,1.0,1.0
ring_144329.csv,14:43:19.202,14:43:29.402,256,40.0,0,wm_hat_hz/iq/iq_shed,40.604,44.434,34.04,39.352,1.0,1.0
ring_144403.csv,14:43:52.925,14:44:03.125,256,40.0,0,wm_hat_hz/iq/iq_shed,40.72,44.244,33.798,40.692,1.0,1.0
ring_144436.csv,14:44:26.617,14:44:36.817,256,40.0,0,wm_hat_hz/iq/iq_shed,40.838,43.908,33.484,38.656,1.0,1.0
ring_144510.csv,14:45:00.467,14:45:10.667,256,40.0,0,wm_hat_hz/iq/iq_shed,40.722,44.544,33.12,39.702,1.0,1.0
ring_144544.csv,14:45:34.158,14:45:44.358,256,40.0,0,wm_hat_hz/iq/iq_shed,40.836,44.298,32.928,39.438,1.0,1.0
ring_144618.csv,14:46:07.865,14:46:18.065,256,40.0,0,wm_hat_hz/iq/iq_shed,40.832,44.124,33.414,39.05,1.0,1.0
ring_144652.csv,14:46:42.580,14:46:52.780,256,40.0,0,wm_hat_hz/iq/iq_shed,40.464,44.114,32.932,39.908,1.0,1.0
ring_144726.csv,14:47:16.526,14:47:26.726,256,40.0,0,wm_hat_hz/iq/iq_shed,40.296,43.954,33.276,39.116,1.0,1.0
ring_144801.csv,14:47:51.288,14:48:01.488,256,40.0,0,wm_hat_hz/iq/iq_shed,40.726,43.672,33.056,37.392,1.0,1.0
ring_144836.csv,14:48:26.196,14:48:36.396,256,40.0,0,wm_hat_hz/iq/iq_shed,40.292,43.87,33.038,38.012,1.0,1.0
ring_144910.csv,14:49:00.239,14:49:10.439,256,40.0,0,wm_hat_hz/iq/iq_shed,40.354,44.218,32.862,38.4,1.0,1.0
ring_144944.csv,14:49:33.962,14:49:44.162,256,40.0,0,wm_hat_hz/iq/iq_shed,40.472,44.004,32.31,37.794,1.0,1.0
ring_145018.csv,14:50:08.165,14:50:18.365,256,40.0,0,wm_hat_hz/iq/iq_shed,40.358,44.154,32.04,38.32,1.0,1.0
ring_145052.csv,14:50:41.839,14:50:52.039,256,40.0,0,wm_hat_hz/iq/iq_shed,40.196,43.938,32.304,37.738,1.0,1.0
ring_145125.csv,14:51:15.514,14:51:25.714,256,40.0,0,wm_hat_hz/iq/iq_shed,40.3,43.906,32.526,37.54,1.0,1.0
ring_145159.csv,14:51:49.797,14:51:59.997,256,40.0,0,wm_hat_hz/iq/iq_shed,40.432,43.672,32.03,37.314,1.0,1.0
ring_145233.csv,14:52:23.424,14:52:33.624,256,40.0,0,wm_hat_hz/iq/iq_shed,40.356,43.752,32.418,37.274,1.0,1.0
ring_145307.csv,14:52:57.164,14:53:07.364,256,40.0,0,wm_hat_hz/iq/iq_shed,40.136,43.678,31.96,36.984,1.0,1.0
ring_145340.csv,14:53:30.759,14:53:40.959,256,40.0,0,wm_hat_hz/iq/iq_shed,40.368,44.022,31.85,37.616,1.0,1.0
ring_145414.csv,14:54:04.594,14:54:14.794,256,40.0,0,wm_hat_hz/iq/iq_shed,40.27,43.646,31.988,37.454,1.0,1.0
ring_145448.csv,14:54:38.476,14:54:48.676,256,40.0,0,wm_hat_hz/iq/iq_shed,40.26,43.458,31.73,36.716,1.0,1.0
ring_145522.csv,14:55:12.216,14:55:22.416,256,40.0,0,wm_hat_hz/iq/iq_shed,40.414,43.496,31.7,36.93,1.0,1.0
ring_145556.csv,14:55:45.907,14:55:56.107,256,40.0,0,wm_hat_hz/iq/iq_shed,40.016,43.596,31.376,36.81,1.0,1.0
ring_145629.csv,14:56:19.710,14:56:29.910,256,40.0,0,wm_hat_hz/iq/iq_shed,40.16,43.378,31.592,35.968,1.0,1.0
ring_145703.csv,14:56:53.385,14:57:03.585,256,40.0,0,wm_hat_hz/iq/iq_shed,40.122,43.384,31.156,36.146,1.0,1.0
ring_145737.csv,14:57:27.140,14:57:37.340,256,40.0,0,wm_hat_hz/iq/iq_shed,40.058,43.358,30.958,35.438,1.0,1.0
ring_145811.csv,14:58:00.848,14:58:11.048,256,40.0,0,wm_hat_hz/iq/iq_shed,40.1,43.056,30.866,35.488,1.0,1.0
ring_145844.csv,14:58:34.618,14:58:44.818,256,40.0,0,wm_hat_hz/iq/iq_shed,39.9,43.074,30.88,35.65,1.0,1.0
ring_145918.csv,14:59:08.342,14:59:18.542,256,40.0,0,wm_hat_hz/iq/iq_shed,40.056,42.954,30.532,35.384,1.0,1.0
ring_145952.csv,14:59:42.129,14:59:52.329,256,40.0,0,wm_hat_hz/iq/iq_shed,39.842,43.138,30.696,35.444,1.0,1.0
ring_150026.csv,15:00:15.852,15:00:26.052,256,40.0,0,wm_hat_hz/iq/iq_shed,39.89,42.86,30.328,34.956,1.0,1.0
ring_150059.csv,15:00:49.623,15:00:59.823,256,40.0,0,wm_hat_hz/iq/iq_shed,39.828,42.782,30.164,35.314,1.0,1.0
ring_150133.csv,15:01:23.234,15:01:33.434,256,40.0,0,wm_hat_hz/iq/iq_shed,39.66,42.55,30.414,34.706,1.0,1.0
ring_150207.csv,15:01:57.181,15:02:07.381,256,40.0,0,wm_hat_hz/iq/iq_shed,39.67,42.734,29.902,34.738,1.0,1.0
ring_150241.csv,15:02:31.784,15:02:41.984,256,40.0,0,wm_hat_hz/iq/iq_shed,39.69,42.476,29.866,34.542,1.0,1.0
ring_150315.csv,15:03:05.779,15:03:15.979,256,40.0,0,wm_hat_hz/iq/iq_shed,39.43,42.406,29.4,34.02,1.0,1.0
ring_150349.csv,15:03:39.470,15:03:49.670,256,40.0,0,wm_hat_hz/iq/iq_shed,39.444,42.414,29.424,34.514,1.0,1.0
ring_150423.csv,15:04:13.177,15:04:23.377,256,40.0,0,wm_hat_hz/iq/iq_shed,39.372,42.378,29.666,34.404,1.0,1.0
ring_150457.csv,15:04:47.076,15:04:57.276,256,40.0,0,wm_hat_hz/iq/iq_shed,38.96,42.418,29.016,33.82,1.0,1.0
ring_150530.csv,15:05:20.703,15:05:30.903,256,40.0,0,wm_hat_hz/iq/iq_shed,39.282,42.24,29.634,33.782,1.0,1.0
ring_150605.csv,15:05:55.576,15:06:05.776,256,40.0,0,wm_hat_hz/iq/iq_shed,39.346,42.026,29.122,33.574,1.0,1.0
ring_150639.csv,15:06:29.396,15:06:39.596,256,40.0,0,wm_hat_hz/iq/iq_shed,39.252,42.2,29.27,33.924,1.0,1.0
ring_150713.csv,15:07:03.199,15:07:13.399,256,40.0,0,wm_hat_hz/iq/iq_shed,38.98,42.248,29.124,33.888,1.0,1.0
ring_150747.csv,15:07:36.873,15:07:47.073,256,40.0,0,wm_hat_hz/iq/iq_shed,38.958,42.252,28.49,34.032,1.0,1.0
ring_150820.csv,15:08:10.661,15:08:20.861,256,40.0,0,wm_hat_hz/iq/iq_shed,39.042,42.01,28.722,33.302,1.0,1.0
ring_150854.csv,15:08:44.352,15:08:54.552,256,40.0,0,wm_hat_hz/iq/iq_shed,39.128,41.708,29.04,33.504,1.0,1.0
ring_150928.csv,15:09:18.156,15:09:28.356,256,40.0,0,wm_hat_hz/iq/iq_shed,38.818,41.868,28.88,33.048,1.0,1.0
ring_151001.csv,15:09:51.798,15:10:01.998,256,40.0,0,wm_hat_hz/iq/iq_shed,39.028,42.138,28.232,33.08,1.0,1.0
ring_151035.csv,15:10:25.553,15:10:35.753,256,40.0,0,wm_hat_hz/iq/iq_shed,38.952,41.664,28.208,32.738,1.0,1.0
ring_151109.csv,15:10:59.309,15:11:09.509,256,40.0,0,wm_hat_hz/iq/iq_shed,38.954,41.66,28.22,32.28,1.0,1.0
ring_151143.csv,15:11:33.063,15:11:43.263,256,40.0,0,wm_hat_hz/iq/iq_shed,38.832,41.804,28.234,32.48,1.0,1.0
ring_151216.csv,15:12:06.722,15:12:16.922,256,40.0,0,wm_hat_hz/iq/iq_shed,38.496,41.404,27.688,32.302,1.0,1.0
ring_151250.csv,15:12:40.476,15:12:50.676,256,40.0,0,wm_hat_hz/iq/iq_shed,38.448,41.98,27.596,32.266,1.0,1.0
ring_151324.csv,15:13:14.248,15:13:24.448,256,40.0,0,wm_hat_hz/iq/iq_shed,38.702,41.328,27.94,32.188,1.0,1.0
ring_151358.csv,15:13:48.004,15:13:58.204,256,40.0,0,wm_hat_hz/iq/iq_shed,38.54,41.55,27.85,32.046,1.0,1.0
ring_151432.csv,15:14:22.798,15:14:32.998,256,40.0,0,wm_hat_hz/iq/iq_shed,38.568,41.444,27.652,31.904,1.0,1.0
ring_151506.csv,15:14:56.633,15:15:06.833,256,40.0,0,wm_hat_hz/iq/iq_shed,38.524,41.2,27.22,31.706,1.0,1.0
ring_151540.csv,15:15:30.388,15:15:40.588,256,40.0,0,wm_hat_hz/iq/iq_shed,38.262,41.252,27.492,31.65,1.0,1.0
ring_151614.csv,15:16:04.095,15:16:14.295,256,40.0,0,wm_hat_hz/iq/iq_shed,38.184,41.228,26.994,31.388,1.0,1.0
ring_151648.csv,15:16:37.817,15:16:48.017,256,40.0,0,wm_hat_hz/iq/iq_shed,38.492,41.424,27.374,31.714,1.0,1.0
ring_151721.csv,15:17:11.637,15:17:21.837,256,40.0,0,wm_hat_hz/iq/iq_shed,38.11,41.044,26.974,31.46,1.0,1.0
ring_151755.csv,15:17:45.344,15:17:55.544,256,40.0,0,wm_hat_hz/iq/iq_shed,38.148,41.08,26.736,31.506,1.0,1.0
ring_151830.csv,15:18:20.026,15:18:30.226,256,40.0,0,wm_hat_hz/iq/iq_shed,38.13,40.868,26.874,31.334,1.0,1.0
ring_151903.csv,15:18:53.622,15:19:03.822,256,40.0,0,wm_hat_hz/iq/iq_shed,38.06,41.104,26.862,31.158,1.0,1.0
ring_151937.csv,15:19:27.329,15:19:37.529,256,40.0,0,wm_hat_hz/iq/iq_shed,38.112,40.98,26.66,30.684,1.0,1.0
ring_152011.csv,15:20:01.116,15:20:11.316,256,40.0,0,wm_hat_hz/iq/iq_shed,38.194,40.986,26.404,30.796,1.0,1.0
ring_152045.csv,15:20:34.855,15:20:45.055,256,40.0,0,wm_hat_hz/iq/iq_shed,38.102,40.71,26.624,30.884,1.0,1.0
ring_152119.csv,15:21:09.650,15:21:19.850,256,40.0,0,wm_hat_hz/iq/iq_shed,37.836,40.838,26.054,30.48,1.0,1.0
ring_152153.csv,15:21:43.501,15:21:53.701,256,40.0,0,wm_hat_hz/iq/iq_shed,37.718,40.65,25.932,30.488,1.0,1.0
ring_152227.csv,15:22:17.144,15:22:27.344,256,40.0,0,wm_hat_hz/iq/iq_shed,37.372,40.97,25.85,30.428,1.0,1.0
ring_152302.csv,15:22:52.082,15:23:02.282,256,40.0,0,wm_hat_hz/iq/iq_shed,37.574,40.752,25.906,30.074,1.0,1.0
ring_152336.csv,15:23:25.965,15:23:36.165,256,40.0,0,wm_hat_hz/iq/iq_shed,37.542,41.002,25.626,30.07,1.0,1.0
ring_152410.csv,15:24:00.775,15:24:10.975,256,40.0,0,wm_hat_hz/iq/iq_shed,37.536,40.728,25.144,30.42,1.0,1.0
ring_152444.csv,15:24:34.691,15:24:44.891,256,40.0,0,wm_hat_hz/iq/iq_shed,37.374,40.744,25.568,30.05,1.0,1.0
ring_152518.csv,15:25:08.382,15:25:18.582,256,40.0,0,wm_hat_hz/iq/iq_shed,37.396,40.456,25.582,29.606,1.0,1.0
ring_152552.csv,15:25:42.105,15:25:52.305,256,40.0,0,wm_hat_hz/iq/iq_shed,37.172,40.348,25.112,29.938,1.0,1.0
ring_152625.csv,15:26:15.796,15:26:25.996,256,40.0,0,wm_hat_hz/iq/iq_shed,37.132,40.436,25.368,30.014,1.0,1.0
ring_152659.csv,15:26:49.519,15:26:59.719,256,40.0,0,wm_hat_hz/iq/iq_shed,37.392,40.116,24.45,29.762,1.0,1.0
ring_152733.csv,15:27:23.290,15:27:33.490,256,40.0,0,wm_hat_hz/iq/iq_shed,37.332,40.192,25.366,29.812,1.0,1.0
ring_152807.csv,15:27:57.557,15:28:07.757,256,40.0,0,wm_hat_hz/iq/iq_shed,36.952,39.928,24.788,29.642,1.0,1.0
ring_152841.csv,15:28:31.519,15:28:41.719,256,40.0,0,wm_hat_hz/iq/iq_shed,37.098,40.214,25.528,29.418,1.0,1.0
ring_152915.csv,15:29:05.243,15:29:15.443,256,40.0,0,wm_hat_hz/iq/iq_shed,37.272,39.99,24.968,29.612,1.0,1.0
ring_152949.csv,15:29:38.966,15:29:49.166,256,40.0,0,wm_hat_hz/iq/iq_shed,37.222,39.896,25.026,29.396,1.0,1.0
ring_153022.csv,15:30:12.769,15:30:22.969,256,40.0,0,wm_hat_hz/iq/iq_shed,37.074,40.158,24.556,28.942,1.0,1.0
ring_153056.csv,15:30:46.525,15:30:56.725,256,40.0,0,wm_hat_hz/iq/iq_shed,36.936,39.978,24.608,28.99,1.0,1.0
ring_153130.csv,15:31:20.168,15:31:30.368,256,40.0,0,wm_hat_hz/iq/iq_shed,37.1,39.88,24.676,28.72,1.0,1.0
ring_153204.csv,15:31:53.924,15:32:04.124,256,40.0,0,wm_hat_hz/iq/iq_shed,37.198,39.748,24.722,29.33,1.0,1.0
ring_153238.csv,15:32:28.670,15:32:38.870,256,40.0,0,wm_hat_hz/iq/iq_shed,37.0,39.828,24.132,28.672,1.0,1.0
ring_153312.csv,15:33:02.665,15:33:12.865,256,40.0,0,wm_hat_hz/iq/iq_shed,35.996,39.564,23.054,28.646,1.0,1.0
ring_153346.csv,15:33:36.356,15:33:46.556,256,40.0,0,wm_hat_hz/iq/iq_shed,37.094,39.732,24.112,28.678,1.0,1.0
ring_153422.csv,15:34:12.205,15:34:22.405,256,40.0,0,wm_hat_hz/iq/iq_shed,36.838,39.596,23.872,28.92,1.0,1.0
ring_153457.csv,15:34:46.887,15:34:57.087,256,40.0,0,wm_hat_hz/iq/iq_shed,36.756,39.446,23.932,28.484,1.0,1.0
ring_153530.csv,15:35:20.739,15:35:30.939,256,40.0,0,wm_hat_hz/iq/iq_shed,32.756,36.674,17.426,23.578,0.918,1.0
ring_153604.csv,15:35:54.526,15:36:04.726,256,40.0,0,wm_hat_hz/iq/iq_shed,36.002,38.204,22.52,26.866,1.0,1.0
ring_153639.csv,15:36:29.752,15:36:39.952,256,40.0,0,wm_hat_hz/iq/iq_shed,36.592,39.436,23.414,28.114,1.0,1.0
ring_153714.csv,15:37:04.627,15:37:14.827,256,40.0,0,wm_hat_hz/iq/iq_shed,36.396,38.974,23.336,28.08,1.0,1.0
ring_153748.csv,15:37:38.493,15:37:48.693,256,40.0,0,wm_hat_hz/iq/iq_shed,36.496,39.1,23.768,28.234,1.0,1.0
ring_153822.csv,15:38:12.328,15:38:22.528,256,40.0,0,wm_hat_hz/iq/iq_shed,36.594,38.984,23.4,27.768,1.0,1.0
ring_153856.csv,15:38:46.052,15:38:56.252,256,40.0,0,wm_hat_hz/iq/iq_shed,36.784,38.938,23.374,27.794,1.0,1.0
ring_153929.csv,15:39:19.743,15:39:29.943,256,40.0,0,wm_hat_hz/iq/iq_shed,36.412,39.104,22.912,27.348,1.0,1.0
ring_154004.csv,15:39:53.994,15:40:04.194,256,40.0,0,wm_hat_hz/iq/iq_shed,36.588,38.74,22.516,27.542,1.0,1.0
ring_154038.csv,15:40:27.973,15:40:38.173,256,40.0,0,wm_hat_hz/iq/iq_shed,36.306,39.054,23.184,27.432,1.0,1.0
ring_154113.csv,15:41:03.695,15:41:13.895,256,40.0,0,wm_hat_hz/iq/iq_shed,36.328,38.848,22.848,27.21,1.0,1.0
ring_154147.csv,15:41:37.546,15:41:47.746,256,40.0,0,wm_hat_hz/iq/iq_shed,35.874,38.546,22.954,26.924,1.0,1.0
ring_154221.csv,15:42:11.173,15:42:21.373,256,40.0,0,wm_hat_hz/iq/iq_shed,36.016,38.578,22.366,27.116,1.0,1.0
ring_154255.csv,15:42:44.945,15:42:55.145,256,40.0,0,wm_hat_hz/iq/iq_shed,35.684,38.28,22.62,26.726,1.0,1.0
ring_154328.csv,15:43:18.604,15:43:28.804,256,40.0,0,wm_hat_hz/iq/iq_shed,35.922,38.576,22.366,27.088,1.0,1.0
ring_154402.csv,15:43:52.455,15:44:02.655,256,40.0,0,wm_hat_hz/iq/iq_shed,35.712,38.324,21.81,26.428,1.0,1.0
ring_154437.csv,15:44:27.057,15:44:37.257,256,40.0,0,wm_hat_hz/iq/iq_shed,35.782,38.386,22.012,26.77,1.0,1.0
ring_154511.csv,15:45:01.084,15:45:11.284,256,40.0,0,wm_hat_hz/iq/iq_shed,35.258,38.21,21.818,26.352,1.0,1.0
ring_154545.csv,15:45:35.782,15:45:45.982,256,40.0,0,wm_hat_hz/iq/iq_shed,35.524,38.154,22.068,26.292,1.0,1.0
ring_154619.csv,15:46:09.761,15:46:19.961,256,40.0,0,wm_hat_hz/iq/iq_shed,35.602,38.138,21.756,26.266,1.0,1.0
ring_154653.csv,15:46:43.404,15:46:53.604,256,40.0,0,wm_hat_hz/iq/iq_shed,35.73,38.052,21.668,26.402,1.0,1.0
ring_154727.csv,15:47:17.271,15:47:27.471,256,40.0,0,wm_hat_hz/iq/iq_shed,35.422,38.05,21.654,26.184,1.0,1.0
ring_154801.csv,15:47:51.314,15:48:01.514,256,40.0,0,wm_hat_hz/iq/iq_shed,35.104,37.862,21.582,26.04,1.0,1.0
ring_154835.csv,15:48:24.989,15:48:35.189,256,40.0,0,wm_hat_hz/iq/iq_shed,35.236,37.936,21.618,25.99,1.0,1.0
ring_154908.csv,15:48:58.745,15:49:08.945,256,40.0,0,wm_hat_hz/iq/iq_shed,35.38,37.864,21.048,25.636,1.0,1.0
ring_154942.csv,15:49:32.564,15:49:42.764,256,40.0,0,wm_hat_hz/iq/iq_shed,35.256,37.86,21.364,25.79,1.0,1.0
ring_155016.csv,15:50:06.751,15:50:16.951,256,40.0,0,wm_hat_hz/iq/iq_shed,34.87,37.816,21.006,25.536,1.0,1.0
ring_155051.csv,15:50:41.257,15:50:51.457,256,40.0,0,wm_hat_hz/iq/iq_shed,35.05,37.766,21.166,25.49,1.0,1.0
ring_155125.csv,15:51:15.348,15:51:25.548,256,40.0,0,wm_hat_hz/iq/iq_shed,35.05,37.616,20.49,25.574,1.0,1.0
ring_155159.csv,15:51:49.039,15:51:59.239,256,40.0,0,wm_hat_hz/iq/iq_shed,34.974,37.348,20.846,25.38,1.0,1.0
ring_155232.csv,15:52:22.714,15:52:32.914,256,40.0,0,wm_hat_hz/iq/iq_shed,35.026,37.184,20.578,25.042,1.0,1.0
ring_155306.csv,15:52:56.532,15:53:06.732,256,40.0,0,wm_hat_hz/iq/iq_shed,35.152,37.464,20.27,25.276,1.0,1.0
ring_155340.csv,15:53:30.176,15:53:40.376,256,40.0,0,wm_hat_hz/iq/iq_shed,34.904,37.188,20.586,24.85,1.0,1.0
ring_155414.csv,15:54:03.962,15:54:14.162,256,40.0,0,wm_hat_hz/iq/iq_shed,34.822,37.428,20.102,24.772,1.0,1.0
ring_155447.csv,15:54:37.686,15:54:47.886,256,40.0,0,wm_hat_hz/iq/iq_shed,34.442,37.028,20.276,24.888,1.0,1.0
ring_155521.csv,15:55:11.361,15:55:21.561,256,40.0,0,wm_hat_hz/iq/iq_shed,34.68,36.972,19.892,24.474,1.0,1.0
ring_155555.csv,15:55:45.083,15:55:55.283,256,40.0,0,wm_hat_hz/iq/iq_shed,34.614,36.73,19.756,24.414,1.0,1.0
ring_155629.csv,15:56:18.871,15:56:29.071,256,40.0,0,wm_hat_hz/iq/iq_shed,34.426,36.902,19.78,24.148,1.0,1.0
ring_155702.csv,15:56:52.610,15:57:02.810,256,40.0,0,wm_hat_hz/iq/iq_shed,34.284,36.972,19.186,23.988,1.0,1.0
ring_155736.csv,15:57:26.317,15:57:36.517,256,40.0,0,wm_hat_hz/iq/iq_shed,34.01,36.814,19.51,24.176,1.0,1.0
ring_155810.csv,15:58:00.008,15:58:10.208,256,40.0,0,wm_hat_hz/iq/iq_shed,34.432,36.942,18.944,24.3,1.0,1.0
ring_155843.csv,15:58:33.667,15:58:43.867,256,40.0,0,wm_hat_hz/iq/iq_shed,34.326,36.658,19.234,24.478,1.0,1.0
ring_155917.csv,15:59:07.407,15:59:17.607,256,40.0,0,wm_hat_hz/iq/iq_shed,34.098,36.582,18.722,24.032,1.0,1.0
ring_155948.csv,15:59:38.684,15:59:48.884,256,40.0,0,wm_hat_hz/iq/iq_shed,34.262,36.402,18.956,23.812,1.0,1.0
ring_160023.csv,16:00:13.446,16:00:23.646,256,40.0,0,wm_hat_hz/iq/iq_shed,33.872,36.78,19.14,23.686,1.0,1.0
ring_160057.csv,16:00:47.376,16:00:57.576,256,40.0,0,wm_hat_hz/iq/iq_shed,33.798,37.056,18.866,23.538,1.0,1.0
ring_160131.csv,16:01:21.083,16:01:31.283,256,40.0,0,wm_hat_hz/iq/iq_shed,33.518,36.37,18.728,23.144,1.0,1.0
ring_160206.csv,16:01:55.846,16:02:06.046,256,40.0,0,wm_hat_hz/iq/iq_shed,33.596,36.252,18.604,23.364,1.0,1.0
ring_160239.csv,16:02:29.776,16:02:39.976,256,40.0,0,wm_hat_hz/iq/iq_shed,33.654,36.378,18.624,23.568,1.0,1.0
ring_160313.csv,16:03:03.564,16:03:13.764,256,40.0,0,wm_hat_hz/iq/iq_shed,33.78,36.072,18.602,23.394,1.0,1.0
ring_160347.csv,16:03:37.287,16:03:47.487,256,40.0,0,wm_hat_hz/iq/iq_shed,33.766,36.23,18.344,22.764,1.0,1.0
ring_160421.csv,16:04:10.979,16:04:21.179,256,40.0,0,wm_hat_hz/iq/iq_shed,33.206,35.886,18.038,22.716,1.0,1.0
ring_160454.csv,16:04:44.686,16:04:54.886,256,40.0,0,wm_hat_hz/iq/iq_shed,33.188,35.798,17.17,22.652,1.0,1.0
ring_160528.csv,16:05:18.536,16:05:28.736,256,40.0,0,wm_hat_hz/iq/iq_shed,32.898,36.144,17.518,22.622,1.0,1.0
ring_160602.csv,16:05:52.563,16:06:02.763,256,40.0,0,wm_hat_hz/iq/iq_shed,32.764,35.852,17.562,22.458,1.0,1.0
ring_160636.csv,16:06:26.190,16:06:36.390,256,40.0,0,wm_hat_hz/iq/iq_shed,32.802,35.836,17.352,22.498,1.0,1.0
ring_160710.csv,16:06:59.993,16:07:10.193,256,40.0,0,wm_hat_hz/iq/iq_shed,32.772,35.806,16.976,22.152,1.0,1.0
ring_160743.csv,16:07:33.748,16:07:43.948,256,40.0,0,wm_hat_hz/iq/iq_shed,32.79,35.766,17.31,22.366,1.0,1.0
ring_160817.csv,16:08:07.440,16:08:17.640,256,40.0,0,wm_hat_hz/iq/iq_shed,32.596,35.346,16.988,22.092,1.0,1.0
ring_160851.csv,16:08:41.211,16:08:51.411,256,40.0,0,wm_hat_hz/iq/iq_shed,32.464,35.6,17.262,21.968,1.0,1.0
ring_160925.csv,16:09:14.887,16:09:25.087,256,40.0,0,wm_hat_hz/iq/iq_shed,32.628,35.706,16.83,21.4,1.0,1.0
ring_160955.csv,16:09:45.155,16:09:55.355,256,40.0,0,wm_hat_hz/iq/iq_shed,32.232,35.496,16.61,21.924,1.0,1.0
ring_161029.csv,16:10:19.086,16:10:29.286,256,40.0,0,wm_hat_hz/iq/iq_shed,32.318,35.11,16.386,21.88,1.0,1.0
ring_161103.csv,16:10:52.825,16:11:03.025,256,40.0,0,wm_hat_hz/iq/iq_shed,31.99,35.436,16.514,21.508,1.0,1.0
ring_161133.csv,16:11:23.079,16:11:33.279,256,40.0,0,wm_hat_hz/iq/iq_shed,32.122,35.228,16.442,21.61,1.0,1.0
ring_161207.csv,16:11:57.090,16:12:07.290,256,40.0,0,wm_hat_hz/iq/iq_shed,32.35,35.742,16.05,21.692,1.0,1.0
ring_161241.csv,16:12:31.773,16:12:41.973,256,40.0,0,wm_hat_hz/iq/iq_shed,31.664,35.076,16.148,21.192,1.0,1.0
ring_161315.csv,16:13:05.767,16:13:15.967,256,40.0,0,wm_hat_hz/iq/iq_shed,31.866,34.86,15.984,21.238,1.0,1.0
ring_161349.csv,16:13:39.443,16:13:49.643,256,40.0,0,wm_hat_hz/iq/iq_shed,31.758,35.174,15.962,21.33,1.0,1.0
ring_161424.csv,16:14:14.174,16:14:24.374,256,40.0,0,wm_hat_hz/iq/iq_shed,31.384,34.58,15.638,20.692,1.0,1.0
ring_161458.csv,16:14:48.088,16:14:58.288,256,40.0,0,wm_hat_hz/iq/iq_shed,31.478,34.978,15.506,20.984,1.0,1.0
ring_161532.csv,16:15:21.860,16:15:32.060,256,40.0,0,wm_hat_hz/iq/iq_shed,31.394,35.336,15.58,20.574,1.0,1.0
ring_161605.csv,16:15:55.566,16:16:05.766,256,40.0,0,wm_hat_hz/iq/iq_shed,31.122,34.496,15.202,20.222,1.0,1.0
ring_161640.csv,16:16:30.009,16:16:40.209,256,40.0,0,wm_hat_hz/iq/iq_shed,30.72,34.484,14.936,20.432,1.0,1.0
ring_161713.csv,16:17:03.797,16:17:13.997,256,40.0,0,wm_hat_hz/iq/iq_shed,31.226,34.322,15.316,20.468,1.0,1.0
ring_161747.csv,16:17:37.568,16:17:47.768,256,40.0,0,wm_hat_hz/iq/iq_shed,30.7,34.178,14.616,20.394,1.0,1.0
ring_161821.csv,16:18:11.243,16:18:21.443,256,40.0,0,wm_hat_hz/iq/iq_shed,30.352,34.736,14.658,20.12,1.0,1.0
ring_161851.csv,16:18:41.592,16:18:51.792,256,40.0,0,wm_hat_hz/iq/iq_shed,30.504,34.974,14.1,20.254,1.0,1.0
ring_161925.csv,16:19:15.412,16:19:25.612,256,40.0,0,wm_hat_hz/iq/iq_shed,30.814,34.59,14.378,19.602,1.0,1.0
ring_161959.csv,16:19:49.167,16:19:59.367,256,40.0,0,wm_hat_hz/iq/iq_shed,30.068,34.638,13.988,19.984,1.0,1.0
ring_162032.csv,16:20:22.794,16:20:32.994,256,40.0,0,wm_hat_hz/iq/iq_shed,30.292,34.278,14.062,20.088,1.0,1.0
ring_162106.csv,16:20:56.358,16:21:06.558,256,40.0,0,wm_hat_hz/iq/iq_shed,29.586,34.562,13.86,19.718,1.0,1.0
ring_162140.csv,16:21:30.272,16:21:40.472,256,40.0,0,wm_hat_hz/iq/iq_shed,29.912,34.68,14.0,19.706,1.0,1.0
ring_162214.csv,16:22:04.059,16:22:14.259,256,40.0,0,wm_hat_hz/iq/iq_shed,30.01,34.014,13.848,19.124,1.0,1.0
ring_162247.csv,16:22:37.734,16:22:47.934,256,40.0,0,wm_hat_hz/iq/iq_shed,29.402,33.856,13.636,19.46,1.0,1.0
ring_162321.csv,16:23:11.505,16:23:21.705,256,40.0,0,wm_hat_hz/iq/iq_shed,29.598,34.288,14.02,19.096,1.0,1.0
ring_162355.csv,16:23:45.213,16:23:55.413,256,40.0,0,wm_hat_hz/iq/iq_shed,29.656,33.732,13.794,19.254,1.0,1.0
ring_162431.csv,16:24:21.046,16:24:31.246,256,40.0,0,wm_hat_hz/iq/iq_shed,29.29,33.62,13.054,19.446,1.0,1.0
ring_162505.csv,16:24:55.762,16:25:05.962,256,40.0,0,wm_hat_hz/iq/iq_shed,29.392,33.104,13.448,19.714,1.0,1.0
ring_162540.csv,16:25:30.220,16:25:40.420,256,40.0,0,wm_hat_hz/iq/iq_shed,29.138,33.778,13.364,19.358,1.0,1.0
ring_162614.csv,16:26:04.150,16:26:14.350,256,40.0,0,wm_hat_hz/iq/iq_shed,28.996,33.946,12.862,18.964,1.0,1.0
ring_162648.csv,16:26:37.922,16:26:48.122,256,40.0,0,wm_hat_hz/iq/iq_shed,29.23,33.442,12.994,19.094,1.0,1.0
ring_162722.csv,16:27:12.189,16:27:22.389,256,40.0,0,wm_hat_hz/iq/iq_shed,28.668,33.032,12.754,19.434,1.0,1.0
ring_162757.csv,16:27:47.207,16:27:57.407,256,40.0,0,wm_hat_hz/iq/iq_shed,28.73,33.338,12.612,18.672,1.0,1.0
ring_162831.csv,16:28:21.041,16:28:31.241,256,40.0,0,wm_hat_hz/iq/iq_shed,28.724,32.98,11.92,18.51,1.0,1.0
ring_162905.csv,16:28:54.862,16:29:05.062,256,40.0,0,wm_hat_hz/iq/iq_shed,28.902,32.394,12.218,18.81,1.0,1.0
ring_162938.csv,16:29:28.585,16:29:38.785,256,40.0,0,wm_hat_hz/iq/iq_shed,28.626,32.57,12.722,18.348,1.0,1.0
ring_163012.csv,16:30:02.180,16:30:12.380,256,40.0,0,wm_hat_hz/iq/iq_shed,28.756,32.736,12.382,18.068,1.0,1.0
ring_163047.csv,16:30:36.973,16:30:47.173,256,40.0,0,wm_hat_hz/iq/iq_shed,28.604,32.368,11.866,18.22,1.0,1.0
ring_163121.csv,16:31:11.480,16:31:21.680,256,40.0,0,wm_hat_hz/iq/iq_shed,28.342,32.656,11.824,17.89,1.0,1.0
ring_163156.csv,16:31:46.499,16:31:56.699,256,40.0,0,wm_hat_hz/iq/iq_shed,28.386,32.564,11.696,18.274,1.0,1.0
ring_163230.csv,16:32:20.287,16:32:30.487,256,40.0,0,wm_hat_hz/iq/iq_shed,28.332,32.086,11.984,17.776,1.0,1.0
ring_163304.csv,16:32:54.106,16:33:04.306,256,40.0,0,wm_hat_hz/iq/iq_shed,28.434,31.884,11.626,18.45,1.0,1.0
ring_163338.csv,16:33:27.845,16:33:38.045,256,40.0,0,wm_hat_hz/iq/iq_shed,28.378,32.536,11.97,18.022,1.0,1.0
ring_163411.csv,16:34:01.616,16:34:11.816,256,40.0,0,wm_hat_hz/iq/iq_shed,28.074,32.074,11.778,18.268,1.0,1.0
ring_163445.csv,16:34:35.243,16:34:45.443,256,40.0,0,wm_hat_hz/iq/iq_shed,28.162,31.514,11.674,17.554,1.0,1.0
ring_163519.csv,16:35:09.509,16:35:19.709,256,40.0,0,wm_hat_hz/iq/iq_shed,28.016,31.46,11.324,17.45,1.0,1.0
ring_163553.csv,16:35:43.616,16:35:53.816,256,40.0,0,wm_hat_hz/iq/iq_shed,27.748,31.4,10.738,17.5,1.0,1.0
ring_163627.csv,16:36:17.276,16:36:27.476,256,40.0,0,wm_hat_hz/iq/iq_shed,27.766,31.394,11.23,17.762,1.0,1.0
ring_163701.csv,16:36:50.887,16:37:01.087,256,40.0,0,wm_hat_hz/iq/iq_shed,27.442,31.416,10.416,17.632,1.0,1.0
ring_163735.csv,16:37:25.265,16:37:35.465,256,40.0,0,wm_hat_hz/iq/iq_shed,27.26,31.09,11.248,17.378,1.0,1.0
ring_163805.csv,16:37:55.711,16:38:05.911,256,40.0,0,wm_hat_hz/iq/iq_shed,27.338,31.088,10.918,17.308,1.0,1.0
ring_163839.csv,16:38:29.674,16:38:39.874,256,40.0,0,wm_hat_hz/iq/iq_shed,27.184,30.99,10.53,17.046,1.0,1.0
ring_163913.csv,16:39:03.413,16:39:13.613,256,40.0,0,wm_hat_hz/iq/iq_shed,27.552,30.682,10.338,17.246,1.0,1.0
ring_163947.csv,16:39:37.169,16:39:47.369,256,40.0,0,wm_hat_hz/iq/iq_shed,27.074,30.964,10.738,16.884,1.0,1.0
ring_164021.csv,16:40:10.860,16:40:21.060,256,40.0,0,wm_hat_hz/iq/iq_shed,27.36,30.792,10.602,17.266,1.0,1.0
ring_164055.csv,16:40:45.190,16:40:55.390,256,40.0,0,wm_hat_hz/iq/iq_shed,27.216,30.322,10.766,16.992,1.0,1.0
ring_164130.csv,16:41:20.161,16:41:30.361,256,40.0,0,wm_hat_hz/iq/iq_shed,27.194,30.794,10.232,16.776,1.0,1.0
ring_164204.csv,16:41:54.074,16:42:04.274,256,40.0,0,wm_hat_hz/iq/iq_shed,26.742,30.244,9.934,16.648,1.0,1.0
ring_164238.csv,16:42:27.831,16:42:38.031,256,40.0,0,wm_hat_hz/iq/iq_shed,26.966,30.466,10.016,16.454,1.0,1.0
ring_164312.csv,16:43:02.481,16:43:12.681,256,40.0,0,wm_hat_hz/iq/iq_shed,26.526,30.094,9.936,15.852,1.0,1.0
ring_164346.csv,16:43:36.443,16:43:46.643,256,40.0,0,wm_hat_hz/iq/iq_shed,26.102,29.616,9.722,15.994,1.0,1.0
ring_164420.csv,16:44:10.168,16:44:20.368,256,40.0,0,wm_hat_hz/iq/iq_shed,26.484,29.722,9.274,15.772,1.0,1.0
ring_164454.csv,16:44:43.875,16:44:54.075,256,40.0,0,wm_hat_hz/iq/iq_shed,26.238,29.484,9.492,15.57,1.0,1.0
ring_164527.csv,16:45:17.662,16:45:27.862,256,40.0,0,wm_hat_hz/iq/iq_shed,25.92,29.078,9.546,15.928,1.0,1.0
ring_164601.csv,16:45:51.304,16:46:01.504,256,40.0,0,wm_hat_hz/iq/iq_shed,25.664,29.222,9.05,15.636,1.0,1.0
ring_164635.csv,16:46:24.997,16:46:35.197,256,40.0,0,wm_hat_hz/iq/iq_shed,25.962,29.42,9.012,16.114,1.0,1.0
ring_164709.csv,16:46:59.311,16:47:09.511,256,40.0,0,wm_hat_hz/iq/iq_shed,26.002,28.988,8.894,15.634,1.0,1.0
ring_164743.csv,16:47:32.955,16:47:43.155,256,40.0,0,wm_hat_hz/iq/iq_shed,25.994,29.17,8.208,15.38,1.0,1.0
ring_164816.csv,16:48:06.597,16:48:16.797,256,40.0,0,wm_hat_hz/iq/iq_shed,25.706,29.004,8.158,15.54,1.0,1.0
ring_164850.csv,16:48:40.353,16:48:50.553,256,40.0,0,wm_hat_hz/iq/iq_shed,25.576,29.186,7.416,15.724,1.0,1.0
ring_164925.csv,16:49:15.148,16:49:25.348,256,40.0,0,wm_hat_hz/iq/iq_shed,25.698,29.458,7.94,15.396,1.0,1.0
ring_164959.csv,16:49:49.015,16:49:59.215,256,40.0,0,wm_hat_hz/iq/iq_shed,25.78,28.848,6.678,15.274,1.0,1.0
ring_165033.csv,16:50:22.818,16:50:33.018,256,40.0,0,wm_hat_hz/iq/iq_shed,25.456,28.772,7.254,15.356,1.0,1.0
ring_165106.csv,16:50:56.477,16:51:06.677,256,40.0,0,wm_hat_hz/iq/iq_shed,25.034,28.55,6.698,15.832,1.0,1.0
ring_165140.csv,16:51:30.200,16:51:40.400,256,40.0,0,wm_hat_hz/iq/iq_shed,25.526,28.508,6.734,15.23,1.0,1.0
ring_165214.csv,16:52:03.971,16:52:14.171,256,40.0,0,wm_hat_hz/iq/iq_shed,25.502,28.516,6.526,15.17,1.0,1.0
ring_165247.csv,16:52:37.582,16:52:47.782,256,40.0,0,wm_hat_hz/iq/iq_shed,25.32,28.468,6.43,14.752,0.963,1.0
ring_165321.csv,16:53:11.464,16:53:21.664,256,40.0,0,wm_hat_hz/iq/iq_shed,25.226,28.36,6.088,14.528,1.0,1.0
ring_165355.csv,16:53:45.028,16:53:55.228,256,40.0,0,wm_hat_hz/iq/iq_shed,24.65,27.446,5.586,10.996,1.0,1.0
ring_165428.csv,16:54:18.766,16:54:28.966,256,40.0,0,wm_hat_hz/iq/iq_shed,22.312,27.946,4.416,14.23,0.26,1.0
ring_165503.csv,16:54:53.129,16:55:03.329,256,40.0,0,wm_hat_hz/iq/iq_shed,24.438,27.198,5.454,10.71,1.0,1.0
ring_165538.csv,16:55:28.100,16:55:38.300,256,40.0,0,wm_hat_hz/iq/iq_shed,22.2,26.81,4.524,9.888,0.25,1.0
ring_165612.csv,16:56:02.031,16:56:12.231,256,40.0,0,wm_hat_hz/iq/iq_shed,24.758,27.428,5.916,10.906,1.0,1.0
ring_165646.csv,16:56:35.851,16:56:46.051,256,40.0,0,wm_hat_hz/iq/iq_shed,25.262,28.06,5.99,12.996,1.0,1.0
ring_165716.csv,16:57:06.056,16:57:16.256,256,40.0,0,wm_hat_hz/iq/iq_shed,25.056,27.698,5.84,11.666,1.0,1.0
ring_165750.csv,16:57:39.843,16:57:50.043,256,40.0,0,wm_hat_hz/iq/iq_shed,25.114,27.824,5.964,10.812,1.0,1.0
ring_165823.csv,16:58:13.709,16:58:23.909,256,40.0,0,wm_hat_hz/iq/iq_shed,24.864,27.518,5.608,10.63,1.0,1.0
ring_165857.csv,16:58:47.401,16:58:57.601,256,40.0,0,wm_hat_hz/iq/iq_shed,24.764,27.434,5.716,10.218,1.0,1.0
ring_165933.csv,16:59:23.171,16:59:33.371,256,40.0,0,wm_hat_hz/iq/iq_shed,24.524,26.85,5.4,10.742,1.0,1.0
ring_170006.csv,16:59:56.765,17:00:06.965,256,40.0,0,wm_hat_hz/iq/iq_shed,24.422,26.99,5.204,10.646,1.0,1.0
ring_170040.csv,17:00:30.506,17:00:40.706,256,40.0,0,wm_hat_hz/iq/iq_shed,24.312,26.776,5.346,10.458,1.0,1.0
ring_170115.csv,17:01:05.316,17:01:15.516,256,40.0,0,wm_hat_hz/iq/iq_shed,23.85,26.644,5.114,10.488,1.0,1.0
ring_170149.csv,17:01:39.279,17:01:49.479,256,40.0,0,wm_hat_hz/iq/iq_shed,23.54,26.412,4.856,10.312,1.0,1.0
ring_170223.csv,17:02:12.938,17:02:23.138,256,40.0,0,wm_hat_hz/iq/iq_shed,23.394,26.116,4.974,10.208,1.0,1.0
ring_170257.csv,17:02:47.637,17:02:57.837,256,40.0,0,wm_hat_hz/iq/iq_shed,23.096,25.798,4.638,9.89,1.0,1.0
ring_170331.csv,17:03:21.535,17:03:31.735,256,40.0,0,wm_hat_hz/iq/iq_shed,23.196,25.68,4.658,9.958,1.0,1.0
ring_170405.csv,17:03:55.322,17:04:05.522,256,40.0,0,wm_hat_hz/iq/iq_shed,22.506,25.576,4.39,9.9,1.0,1.0
ring_170439.csv,17:04:29.029,17:04:39.229,256,40.0,0,wm_hat_hz/iq/iq_shed,22.34,25.436,4.248,9.776,1.0,1.0
ring_170513.csv,17:05:03.680,17:05:13.880,256,40.0,0,wm_hat_hz/iq/iq_shed,22.188,25.262,4.272,9.648,1.0,1.0
ring_170547.csv,17:05:37.675,17:05:47.875,256,40.0,0,wm_hat_hz/iq/iq_shed,21.864,24.792,4.036,9.602,1.0,1.0
ring_170621.csv,17:06:11.478,17:06:21.678,256,40.0,0,wm_hat_hz/iq/iq_shed,21.382,24.42,3.886,9.47,1.0,1.0
ring_170655.csv,17:06:45.169,17:06:55.369,256,40.0,0,wm_hat_hz/iq/iq_shed,21.702,24.53,3.944,9.588,1.0,1.0
ring_170729.csv,17:07:18.843,17:07:29.043,256,40.0,0,wm_hat_hz/iq/iq_shed,21.272,24.334,3.902,9.348,1.0,1.0
ring_170802.csv,17:07:52.583,17:08:02.783,256,40.0,0,wm_hat_hz/iq/iq_shed,20.83,24.328,3.434,9.274,1.0,1.0
ring_170836.csv,17:08:26.258,17:08:36.458,256,40.0,0,wm_hat_hz/iq/iq_shed,20.712,23.944,3.7,9.342,1.0,1.0
ring_170910.csv,17:09:00.573,17:09:10.773,256,40.0,0,wm_hat_hz/iq/iq_shed,20.29,23.594,3.408,9.23,1.0,1.0
ring_170944.csv,17:09:34.521,17:09:44.721,256,40.0,0,wm_hat_hz/iq/iq_shed,0.0,0.0,0.0,0.0,1.0,1.0
ring_171018.csv,17:10:08.355,17:10:18.555,256,40.0,0,wm_hat_hz/iq/iq_shed,0.0,0.0,0.0,0.0,1.0,1.0
ring_171052.csv,17:10:41.934,17:10:52.134,256,40.0,0,wm_hat_hz/iq/iq_shed,0.0,0.0,0.0,0.0,1.0,1.0
ring_171126.csv,17:11:16.186,17:11:26.386,256,40.0,0,wm_hat_hz/iq/iq_shed,5.098,9.098,-0.988,0.838,1.0,1.0
ring_171159.csv,17:11:49.798,17:11:59.998,256,40.0,0,wm_hat_hz/iq/iq_shed,14.372,18.424,1.706,5.958,1.0,1.0
ring_171233.csv,17:12:23.567,17:12:33.767,256,40.0,0,wm_hat_hz/iq/iq_shed,19.97,22.77,3.182,8.388,1.0,1.0
ring_171308.csv,17:12:58.363,17:13:08.563,256,40.0,0,wm_hat_hz/iq/iq_shed,18.25,22.196,3.018,8.44,1.0,1.0
ring_171342.csv,17:13:32.278,17:13:42.478,256,40.0,0,wm_hat_hz/iq/iq_shed,18.812,21.768,3.14,7.994,1.0,1.0
ring_171416.csv,17:14:05.872,17:14:16.072,256,40.0,0,wm_hat_hz/iq/iq_shed,18.504,21.258,3.214,8.144,1.0,1.0
ring_171449.csv,17:14:39.644,17:14:49.844,256,40.0,0,wm_hat_hz/iq/iq_shed,18.068,20.996,2.826,7.604,1.0,1.0
ring_171524.csv,17:15:13.942,17:15:24.142,256,40.0,0,wm_hat_hz/iq/iq_shed,17.984,21.044,3.106,7.296,1.0,1.0
ring_171559.csv,17:15:48.832,17:15:59.032,256,40.0,0,wm_hat_hz/iq/iq_shed,17.666,20.354,2.75,7.354,1.0,1.0
ring_171632.csv,17:16:22.475,17:16:32.675,256,40.0,0,wm_hat_hz/iq/iq_shed,0.0,19.924,0.0,7.156,1.0,1.0
ring_171706.csv,17:16:56.728,17:17:06.928,256,40.0,0,wm_hat_hz/iq/iq_shed,0.0,0.0,0.0,0.0,1.0,1.0
ring_171740.csv,17:17:30.706,17:17:40.906,256,40.0,0,wm_hat_hz/iq/iq_shed,0.0,0.0,0.0,0.0,1.0,1.0
ring_171814.csv,17:18:04.349,17:18:14.549,256,40.0,0,wm_hat_hz/iq/iq_shed,0.0,0.0,0.0,0.0,0.83,1.0
