t_s,clock,VDC,IDC,PDC,VG_A,VG_B,VG_C,IINV_A,IINV_B,IINV_C,STS,MODE,FAULT_FLAGS,FREQ,SET_FREQ,MOD_IDX,TEMP,STOP_REASON,FAULT_UV_CNT,FAULT_OC_CNT,IU_INST,IW_INST
0.109,12:24:54.549,489.943,25.247,12369.588,0.000,0.000,0.000,25.752,27.047,26.798,1.000,1.000,0.000,43.519,43.700,0.940,54.881,5.000,99.0,47.0,-29.743589401245117,-3.8974359035491943
0.413,12:24:54.662,489.943,25.247,12369.588,0.000,0.000,0.000,25.752,27.047,26.798,1.000,1.000,0.000,43.519,43.700,0.940,54.881,5.000,99.0,47.0,-29.743589401245117,-3.8974359035491943
0.525,12:24:54.774,486.752,26.590,12942.894,0.000,0.000,0.000,27.278,28.011,27.821,1.000,1.000,0.000,44.318,44.500,0.940,54.951,5.000,99.0,47.0,-29.743589401245117,-3.8974359035491943
0.637,12:24:55.077,486.752,26.590,12942.894,0.000,0.000,0.000,27.278,28.011,27.821,1.000,1.000,0.000,44.318,44.500,0.940,54.951,5.000,99.0,47.0,33.43589782714844,-41.33333206176758
0.941,12:24:55.189,483.087,28.044,13547.779,0.000,0.000,0.000,28.102,29.092,29.888,1.000,1.000,0.000,45.119,45.300,0.940,55.080,5.000,99.0,47.0,33.43589782714844,-41.33333206176758
1.052,12:24:55.300,483.087,28.044,13547.779,0.000,0.000,0.000,28.102,29.092,29.888,1.000,1.000,0.000,45.119,45.300,0.940,55.080,5.000,99.0,47.0,33.43589782714844,-41.33333206176758
1.164,12:24:55.604,483.087,28.044,13547.779,0.000,0.000,0.000,28.102,29.092,29.888,1.000,1.000,0.000,45.119,45.300,0.940,55.080,5.000,99.0,47.0,-42.30769348144531,9.64102554321289
1.468,12:24:55.716,479.267,29.440,14109.474,0.000,0.000,0.000,30.435,30.196,30.557,1.000,1.000,0.000,45.919,46.100,0.940,55.214,5.000,99.0,47.0,-42.30769348144531,9.64102554321289
1.581,12:24:55.830,479.267,29.440,14109.474,0.000,0.000,0.000,30.435,30.196,30.557,1.000,1.000,0.000,45.919,46.100,0.940,55.214,5.000,99.0,47.0,-42.30769348144531,9.64102554321289
1.692,12:24:56.133,474.644,31.040,14732.890,0.000,0.000,0.000,31.856,31.456,32.571,1.000,1.000,0.000,46.718,46.900,0.940,55.442,5.000,99.0,47.0,37.07692337036133,-46.20512771606445
1.996,12:24:56.245,474.644,31.040,14732.890,0.000,0.000,0.000,31.856,31.456,32.571,1.000,1.000,0.000,46.718,46.900,0.940,55.442,5.000,99.0,47.0,37.07692337036133,-46.20512771606445
2.108,12:24:56.356,469.503,32.660,15333.885,0.000,0.000,0.000,32.208,34.454,34.476,1.000,1.000,0.000,47.519,47.700,0.940,55.671,5.000,99.0,47.0,37.07692337036133,-46.20512771606445
2.219,12:24:56.676,469.503,32.660,15333.885,0.000,0.000,0.000,32.208,34.454,34.476,1.000,1.000,0.000,47.519,47.700,0.940,55.671,5.000,99.0,47.0,41.43589782714844,50.512821197509766
2.539,12:24:56.787,463.106,34.420,15940.132,0.000,0.000,0.000,34.412,35.401,36.770,1.000,1.000,0.000,48.318,48.500,0.940,55.970,5.000,99.0,47.0,41.43589782714844,50.512821197509766
2.651,12:24:56.900,463.106,34.420,15940.132,0.000,0.000,0.000,34.412,35.401,36.770,1.000,1.000,0.000,48.318,48.500,0.940,55.970,5.000,99.0,47.0,41.43589782714844,50.512821197509766
2.763,12:24:57.203,463.106,34.420,15940.132,0.000,0.000,0.000,34.412,35.401,36.770,1.000,1.000,0.000,48.318,48.500,0.940,55.970,5.000,99.0,47.0,36.46154022216797,14.769230842590332
3.068,12:24:57.316,460.218,35.146,16174.693,0.000,0.000,0.000,35.203,37.179,36.661,1.000,1.000,0.000,48.318,48.500,0.940,56.292,5.000,99.0,47.0,36.46154022216797,14.769230842590332
3.179,12:24:57.428,460.218,35.146,16174.693,0.000,0.000,0.000,35.203,37.179,36.661,1.000,1.000,0.000,48.318,48.500,0.940,56.292,5.000,99.0,47.0,36.46154022216797,14.769230842590332
3.307,12:24:57.748,455.752,36.142,16471.836,0.000,0.000,0.000,36.916,37.926,37.598,1.000,1.000,0.000,48.681,48.500,0.940,56.666,5.000,99.0,47.0,-54.10256576538086,19.33333396911621
3.610,12:24:57.859,455.752,36.142,16471.836,0.000,0.000,0.000,36.916,37.926,37.598,1.000,1.000,0.000,48.681,48.500,0.940,56.666,5.000,99.0,47.0,-54.10256576538086,19.33333396911621
3.723,12:24:57.972,459.441,35.363,16247.426,0.000,0.000,0.000,36.236,36.848,36.525,1.000,1.000,0.000,48.681,48.500,0.940,56.984,5.000,99.0,47.0,-54.10256576538086,19.33333396911621
3.835,12:24:58.276,459.441,35.363,16247.426,0.000,0.000,0.000,36.236,36.848,36.525,1.000,1.000,0.000,48.681,48.500,0.940,56.984,5.000,99.0,47.0,48.20512771606445,-40.0512809753418
4.139,12:24:58.387,463.246,34.465,15965.886,0.000,0.000,0.000,35.255,35.062,36.281,1.000,1.000,0.000,48.318,48.500,0.940,57.321,5.000,99.0,47.0,48.20512771606445,-40.0512809753418
4.250,12:24:58.499,463.246,34.465,15965.886,0.000,0.000,0.000,35.255,35.062,36.281,1.000,1.000,0.000,48.318,48.500,0.940,57.321,5.000,99.0,47.0,48.20512771606445,-40.0512809753418
4.363,12:24:58.803,463.246,34.465,15965.886,0.000,0.000,0.000,35.255,35.062,36.281,1.000,1.000,0.000,48.318,48.500,0.940,57.321,5.000,99.0,47.0,49.69230651855469,-36.61538314819336
4.667,12:24:58.916,459.778,35.283,16222.559,0.000,0.000,0.000,35.160,36.816,37.493,1.000,1.000,0.000,48.719,48.900,0.940,57.560,5.000,99.0,47.0,49.69230651855469,-36.61538314819336
4.778,12:24:59.026,459.778,35.283,16222.559,0.000,0.000,0.000,35.160,36.816,37.493,1.000,1.000,0.000,48.719,48.900,0.940,57.560,5.000,99.0,47.0,49.69230651855469,-36.61538314819336
4.890,12:24:59.331,459.778,35.283,16222.559,0.000,0.000,0.000,35.160,36.816,37.493,1.000,1.000,0.000,48.719,48.900,0.940,57.560,5.000,99.0,47.0,-16.41025733947754,49.846153259277344
5.193,12:24:59.442,455.768,36.149,16475.676,0.000,0.000,0.000,36.225,37.854,38.360,1.000,1.000,0.000,48.681,48.500,0.940,57.871,5.000,99.0,47.0,-16.41025733947754,49.846153259277344
5.305,12:24:59.554,455.768,36.149,16475.676,0.000,0.000,0.000,36.225,37.854,38.360,1.000,1.000,0.000,48.681,48.500,0.940,57.871,5.000,99.0,47.0,-16.41025733947754,49.846153259277344
5.417,12:24:59.858,459.783,35.286,16224.107,0.000,0.000,0.000,35.126,37.158,37.248,1.000,1.000,0.000,48.280,48.100,0.940,58.118,5.000,99.0,47.0,-4.820512771606445,-43.230770111083984
5.721,12:24:59.969,459.783,35.286,16224.107,0.000,0.000,0.000,35.126,37.158,37.248,1.000,1.000,0.000,48.280,48.100,0.940,58.118,5.000,99.0,47.0,-4.820512771606445,-43.230770111083984
5.833,12:25:00.081,463.446,34.422,15952.769,0.000,0.000,0.000,35.376,35.658,35.429,1.000,1.000,0.000,48.318,48.500,0.940,58.318,5.000,99.0,47.0,-4.820512771606445,-43.230770111083984
5.946,12:25:00.385,463.446,34.422,15952.769,0.000,0.000,0.000,35.376,35.658,35.429,1.000,1.000,0.000,48.318,48.500,0.940,58.318,5.000,99.0,47.0,17.128204345703125,-49.128204345703125
6.249,12:25:00.497,459.908,35.259,16216.090,0.000,0.000,0.000,35.947,36.068,37.378,1.000,1.000,0.000,48.280,48.100,0.940,58.510,5.000,99.0,47.0,17.128204345703125,-49.128204345703125
6.361,12:25:00.609,459.908,35.259,16216.090,0.000,0.000,0.000,35.947,36.068,37.378,1.000,1.000,0.000,48.280,48.100,0.940,58.510,5.000,99.0,47.0,17.128204345703125,-49.128204345703125
6.473,12:25:00.913,459.908,35.259,16216.090,0.000,0.000,0.000,35.947,36.068,37.378,1.000,1.000,0.000,48.280,48.100,0.940,58.510,5.000,99.0,47.0,49.589744567871094,-28.153846740722656
6.777,12:25:01.026,458.523,35.502,16278.333,0.000,0.000,0.000,36.200,37.399,36.727,1.000,1.000,0.000,48.720,48.900,0.940,58.666,5.000,99.0,47.0,49.589744567871094,-28.153846740722656
6.889,12:25:01.137,458.523,35.502,16278.333,0.000,0.000,0.000,36.200,37.399,36.727,1.000,1.000,0.000,48.720,48.900,0.940,58.666,5.000,99.0,47.0,49.589744567871094,-28.153846740722656
7.000,12:25:01.441,461.751,34.784,16061.715,0.000,0.000,0.000,35.672,36.488,35.796,1.000,1.000,0.000,48.280,48.100,0.940,58.825,5.000,99.0,47.0,-17.538461685180664,-34.512821197509766
7.304,12:25:01.552,461.751,34.784,16061.715,0.000,0.000,0.000,35.672,36.488,35.796,1.000,1.000,0.000,48.280,48.100,0.940,58.825,5.000,99.0,47.0,-17.538461685180664,-34.512821197509766
7.416,12:25:01.664,458.755,35.472,16273.127,0.000,0.000,0.000,36.144,36.318,37.706,1.000,1.000,0.000,48.720,48.900,0.940,58.971,5.000,99.0,47.0,-17.538461685180664,-34.512821197509766
7.529,12:25:01.969,458.755,35.472,16273.127,0.000,0.000,0.000,36.144,36.318,37.706,1.000,1.000,0.000,48.720,48.900,0.940,58.971,5.000,99.0,47.0,4.769230842590332,-21.33333396911621
7.833,12:25:02.082,461.691,34.830,16080.745,0.000,0.000,0.000,35.197,35.550,37.247,1.000,1.000,0.000,48.280,48.100,0.940,59.123,5.000,99.0,47.0,4.769230842590332,-21.33333396911621
7.944,12:25:02.193,461.691,34.830,16080.745,0.000,0.000,0.000,35.197,35.550,37.247,1.000,1.000,0.000,48.280,48.100,0.940,59.123,5.000,99.0,47.0,4.769230842590332,-21.33333396911621
8.056,12:25:02.790,461.691,34.830,16080.745,0.000,0.000,0.000,35.197,35.550,37.247,1.000,1.000,0.000,48.280,48.100,0.940,59.123,5.000,99.0,47.0,16.461538314819336,
8.664,12:25:03.408,463.032,34.518,15982.749,0.000,0.000,0.000,35.469,35.955,35.394,1.000,1.000,0.000,48.318,48.500,0.940,59.339,5.000,99.0,47.0,,24.512821197509766
9.271,12:25:03.711,459.331,35.401,16260.896,0.000,0.000,0.000,36.395,36.270,37.162,1.000,1.000,0.000,48.719,48.900,0.940,59.451,5.000,99.0,47.0,-46.56410217285156,34.35897445678711
9.576,12:25:03.824,457.621,35.793,16379.571,0.000,0.000,0.000,36.955,37.036,37.212,1.000,1.000,0.000,48.681,48.500,0.940,59.580,5.000,99.0,47.0,-46.56410217285156,34.35897445678711
9.686,12:25:03.935,457.621,35.793,16379.571,0.000,0.000,0.000,36.955,37.036,37.212,1.000,1.000,0.000,48.681,48.500,0.940,59.580,5.000,99.0,47.0,-46.56410217285156,34.35897445678711
9.799,12:25:04.239,463.224,34.489,15976.188,0.000,0.000,0.000,34.871,35.087,36.804,1.000,1.000,0.000,48.318,48.500,0.940,59.681,5.000,99.0,47.0,46.10256576538086,-27.0256404876709
10.103,12:25:04.352,463.224,34.489,15976.188,0.000,0.000,0.000,34.871,35.087,36.804,1.000,1.000,0.000,48.318,48.500,0.940,59.681,5.000,99.0,47.0,46.10256576538086,-27.0256404876709
10.214,12:25:04.463,455.534,36.241,16509.135,0.000,0.000,0.000,36.464,37.683,38.671,1.000,1.000,0.000,49.081,48.900,0.940,59.791,5.000,99.0,47.0,46.10256576538086,-27.0256404876709
10.327,12:25:04.767,455.534,36.241,16509.135,0.000,0.000,0.000,36.464,37.683,38.671,1.000,1.000,0.000,49.081,48.900,0.940,59.791,5.000,99.0,47.0,-29.69230842590332,54.769229888916016
10.630,12:25:04.879,457.553,35.862,16408.551,0.000,0.000,0.000,36.575,36.745,38.164,1.000,1.000,0.000,48.681,48.500,0.940,59.904,5.000,99.0,47.0,-29.69230842590332,54.769229888916016
10.743,12:25:04.991,457.553,35.862,16408.551,0.000,0.000,0.000,36.575,36.745,38.164,1.000,1.000,0.000,48.681,48.500,0.940,59.904,5.000,99.0,47.0,-29.69230842590332,54.769229888916016
10.854,12:25:05.295,457.553,35.862,16408.551,0.000,0.000,0.000,36.575,36.745,38.164,1.000,1.000,0.000,48.681,48.500,0.940,59.904,5.000,99.0,47.0,38.66666793823242,7.538461685180664
11.158,12:25:05.407,459.908,35.328,16247.580,0.000,0.000,0.000,35.408,36.509,37.765,1.000,1.000,0.000,48.681,48.500,0.940,59.983,5.000,99.0,47.0,38.66666793823242,7.538461685180664
11.269,12:25:05.518,459.908,35.328,16247.580,0.000,0.000,0.000,35.408,36.509,37.765,1.000,1.000,0.000,48.681,48.500,0.940,59.983,5.000,99.0,47.0,38.66666793823242,7.538461685180664
11.382,12:25:05.822,459.908,35.328,16247.580,0.000,0.000,0.000,35.408,36.509,37.765,1.000,1.000,0.000,48.681,48.500,0.940,59.983,5.000,99.0,47.0,-52.871795654296875,17.794872283935547
11.685,12:25:05.934,460.079,35.317,16248.676,0.000,0.000,0.000,35.129,37.032,37.522,1.000,1.000,0.000,48.681,48.500,0.940,60.074,5.000,99.0,47.0,-52.871795654296875,17.794872283935547
11.799,12:25:06.047,460.079,35.317,16248.676,0.000,0.000,0.000,35.129,37.032,37.522,1.000,1.000,0.000,48.681,48.500,0.940,60.074,5.000,99.0,47.0,-52.871795654296875,17.794872283935547
11.910,12:25:06.350,460.277,35.288,16242.423,0.000,0.000,0.000,35.133,37.392,37.004,1.000,1.000,0.000,48.719,48.900,0.940,60.163,5.000,99.0,47.0,48.769229888916016,-38.0512809753418
12.213,12:25:06.462,460.277,35.288,16242.423,0.000,0.000,0.000,35.133,37.392,37.004,1.000,1.000,0.000,48.719,48.900,0.940,60.163,5.000,99.0,47.0,48.769229888916016,-38.0512809753418
12.325,12:25:06.573,457.866,35.869,16423.283,0.000,0.000,0.000,35.844,37.740,38.062,1.000,1.000,0.000,48.719,48.900,0.940,60.248,5.000,99.0,47.0,48.769229888916016,-38.0512809753418
12.437,12:25:06.878,457.866,35.869,16423.283,0.000,0.000,0.000,35.844,37.740,38.062,1.000,1.000,0.000,48.719,48.900,0.940,60.248,5.000,99.0,47.0,-25.794872283935547,-27.076923370361328
12.741,12:25:06.990,461.887,34.953,16144.530,0.000,0.000,0.000,34.683,36.867,36.949,1.000,1.000,0.000,48.318,48.500,0.940,60.310,5.000,99.0,47.0,-25.794872283935547,-27.076923370361328
12.854,12:25:07.102,461.887,34.953,16144.530,0.000,0.000,0.000,34.683,36.867,36.949,1.000,1.000,0.000,48.318,48.500,0.940,60.310,5.000,99.0,47.0,-25.794872283935547,-27.076923370361328
12.965,12:25:07.406,461.887,34.953,16144.530,0.000,0.000,0.000,34.683,36.867,36.949,1.000,1.000,0.000,48.318,48.500,0.940,60.310,5.000,99.0,47.0,29.58974266052246,23.897436141967773
13.268,12:25:07.517,460.957,35.181,16217.098,0.000,0.000,0.000,35.801,37.018,36.310,1.000,1.000,0.000,48.681,48.500,0.940,60.396,5.000,99.0,47.0,29.58974266052246,23.897436141967773
13.380,12:25:07.629,460.957,35.181,16217.098,0.000,0.000,0.000,35.801,37.018,36.310,1.000,1.000,0.000,48.681,48.500,0.940,60.396,5.000,99.0,47.0,29.58974266052246,23.897436141967773
13.492,12:25:07.933,461.939,34.949,16144.262,0.000,0.000,0.000,36.028,36.326,36.058,1.000,1.000,0.000,48.318,48.500,0.940,60.512,5.000,99.0,47.0,-41.07692337036133,-1.8461538553237915
13.797,12:25:08.046,461.939,34.949,16144.262,0.000,0.000,0.000,36.028,36.326,36.058,1.000,1.000,0.000,48.318,48.500,0.940,60.512,5.000,99.0,47.0,-41.07692337036133,-1.8461538553237915
13.909,12:25:08.157,461.891,34.976,16155.291,0.000,0.000,0.000,35.597,35.691,37.189,1.000,1.000,0.000,48.280,48.100,0.940,60.540,5.000,99.0,47.0,-41.07692337036133,-1.8461538553237915
14.020,12:25:08.460,461.891,34.976,16155.291,0.000,0.000,0.000,35.597,35.691,37.189,1.000,1.000,0.000,48.280,48.100,0.940,60.540,5.000,99.0,47.0,40.92307662963867,-39.846153259277344
14.324,12:25:08.573,464.795,34.275,15931.002,0.000,0.000,0.000,34.320,36.370,35.477,1.000,1.000,0.000,48.280,48.100,0.940,60.555,5.000,99.0,47.0,40.92307662963867,-39.846153259277344
14.436,12:25:08.684,464.795,34.275,15931.002,0.000,0.000,0.000,34.320,36.370,35.477,1.000,1.000,0.000,48.280,48.100,0.940,60.555,5.000,99.0,47.0,40.92307662963867,-39.846153259277344
14.548,12:25:08.988,464.795,34.275,15931.002,0.000,0.000,0.000,34.320,36.370,35.477,1.000,1.000,0.000,48.280,48.100,0.940,60.555,5.000,99.0,47.0,43.9487190246582,-43.43589782714844
14.852,12:25:09.101,461.799,35.030,16176.617,0.000,0.000,0.000,35.827,36.217,36.776,1.000,1.000,0.000,48.681,48.500,0.940,60.578,5.000,99.0,47.0,43.9487190246582,-43.43589782714844
14.964,12:25:09.212,461.799,35.030,16176.617,0.000,0.000,0.000,35.827,36.217,36.776,1.000,1.000,0.000,48.681,48.500,0.940,60.578,5.000,99.0,47.0,43.9487190246582,-43.43589782714844
15.092,12:25:09.532,462.069,34.968,16157.507,0.000,0.000,0.000,35.620,35.712,37.241,1.000,1.000,0.000,48.318,48.500,0.940,60.639,5.000,99.0,47.0,-21.743589401245117,-32.46154022216797
15.395,12:25:09.643,462.069,34.968,16157.507,0.000,0.000,0.000,35.620,35.712,37.241,1.000,1.000,0.000,48.318,48.500,0.940,60.639,5.000,99.0,47.0,-21.743589401245117,-32.46154022216797
15.508,12:25:09.756,461.642,35.092,16200.051,0.000,0.000,0.000,34.895,36.794,37.263,1.000,1.000,0.000,48.681,48.500,0.940,60.664,5.000,99.0,47.0,-21.743589401245117,-32.46154022216797
15.619,12:25:10.060,461.642,35.092,16200.051,0.000,0.000,0.000,34.895,36.794,37.263,1.000,1.000,0.000,48.681,48.500,0.940,60.664,5.000,99.0,47.0,20.71794891357422,32.20512771606445
15.922,12:25:10.171,461.630,35.110,16208.055,0.000,0.000,0.000,34.991,37.217,36.783,1.000,1.000,0.000,48.719,48.900,0.940,60.747,5.000,99.0,47.0,20.71794891357422,32.20512771606445
16.035,12:25:10.283,461.630,35.110,16208.055,0.000,0.000,0.000,34.991,37.217,36.783,1.000,1.000,0.000,48.719,48.900,0.940,60.747,5.000,99.0,47.0,20.71794891357422,32.20512771606445
16.148,12:25:10.587,461.630,35.110,16208.055,0.000,0.000,0.000,34.991,37.217,36.783,1.000,1.000,0.000,48.719,48.900,0.940,60.747,5.000,99.0,47.0,41.17948532104492,-49.230770111083984
16.450,12:25:10.699,458.108,35.930,16460.002,0.000,0.000,0.000,35.975,37.897,38.047,1.000,1.000,0.000,48.719,48.900,0.940,60.786,5.000,99.0,47.0,41.17948532104492,-49.230770111083984
16.563,12:25:10.812,458.108,35.930,16460.002,0.000,0.000,0.000,35.975,37.897,38.047,1.000,1.000,0.000,48.719,48.900,0.940,60.786,5.000,99.0,47.0,41.17948532104492,-49.230770111083984
16.674,12:25:11.115,458.108,35.930,16460.002,0.000,0.000,0.000,35.975,37.897,38.047,1.000,1.000,0.000,48.719,48.900,0.940,60.786,5.000,99.0,47.0,-21.435897827148438,50.46154022216797
16.978,12:25:11.226,462.381,34.963,16166.301,0.000,0.000,0.000,34.754,36.885,36.994,1.000,1.000,0.000,48.318,48.500,0.940,60.874,5.000,99.0,47.0,-21.435897827148438,50.46154022216797
17.090,12:25:11.338,462.381,34.963,16166.301,0.000,0.000,0.000,34.754,36.885,36.994,1.000,1.000,0.000,48.318,48.500,0.940,60.874,5.000,99.0,47.0,-21.435897827148438,50.46154022216797
17.202,12:25:11.642,465.445,34.193,15915.142,0.000,0.000,0.000,34.991,35.881,35.038,1.000,1.000,0.000,48.318,48.500,0.940,60.920,5.000,99.0,47.0,32.25640869140625,-51.79487228393555
17.506,12:25:11.754,465.445,34.193,15915.142,0.000,0.000,0.000,34.991,35.881,35.038,1.000,1.000,0.000,48.318,48.500,0.940,60.920,5.000,99.0,47.0,32.25640869140625,-51.79487228393555
17.618,12:25:11.866,458.287,35.940,16470.812,0.000,0.000,0.000,36.944,37.041,37.646,1.000,1.000,0.000,49.081,48.900,0.940,60.972,5.000,99.0,47.0,32.25640869140625,-51.79487228393555
17.730,12:25:12.170,458.287,35.940,16470.812,0.000,0.000,0.000,36.944,37.041,37.646,1.000,1.000,0.000,49.081,48.900,0.940,60.972,5.000,99.0,47.0,-48.97435760498047,36.35897445678711
18.034,12:25:12.282,454.480,36.758,16705.818,0.000,0.000,0.000,37.673,38.563,38.372,1.000,1.000,0.000,49.081,48.900,0.940,61.012,5.000,99.0,47.0,-48.97435760498047,36.35897445678711
18.146,12:25:12.394,454.480,36.758,16705.818,0.000,0.000,0.000,37.673,38.563,38.372,1.000,1.000,0.000,49.081,48.900,0.940,61.012,5.000,99.0,47.0,-48.97435760498047,36.35897445678711
18.257,12:25:12.698,454.480,36.758,16705.818,0.000,0.000,0.000,37.673,38.563,38.372,1.000,1.000,0.000,49.081,48.900,0.940,61.012,5.000,99.0,47.0,29.58974266052246,-53.53845977783203
18.562,12:25:12.810,462.385,35.032,16198.409,0.000,0.000,0.000,35.108,37.174,36.434,1.000,1.000,0.000,48.318,48.500,0.940,61.097,5.000,99.0,47.0,29.58974266052246,-53.53845977783203
18.674,12:25:12.922,462.385,35.032,16198.409,0.000,0.000,0.000,35.108,37.174,36.434,1.000,1.000,0.000,48.318,48.500,0.940,61.097,5.000,99.0,47.0,29.58974266052246,-53.53845977783203
18.785,12:25:13.225,460.895,35.458,16342.278,0.000,0.000,0.000,36.145,36.268,37.446,1.000,1.000,0.000,48.719,48.900,0.940,61.158,5.000,99.0,47.0,45.74359130859375,-22.66666603088379
19.089,12:25:13.337,460.895,35.458,16342.278,0.000,0.000,0.000,36.145,36.268,37.446,1.000,1.000,0.000,48.719,48.900,0.940,61.158,5.000,99.0,47.0,45.74359130859375,-22.66666603088379
19.200,12:25:13.449,459.935,35.708,16423.564,0.000,0.000,0.000,36.605,36.761,37.442,1.000,1.000,0.000,48.720,48.900,0.940,61.250,5.000,99.0,47.0,45.74359130859375,-22.66666603088379
19.313,12:25:13.754,459.935,35.708,16423.564,0.000,0.000,0.000,36.605,36.761,37.442,1.000,1.000,0.000,48.720,48.900,0.940,61.250,5.000,99.0,47.0,-34.97435760498047,-31.0256404876709
19.617,12:25:13.865,460.071,35.700,16424.359,0.000,0.000,0.000,36.659,36.813,37.204,1.000,1.000,0.000,48.680,48.500,0.940,61.262,5.000,99.0,47.0,-34.97435760498047,-31.0256404876709
19.729,12:25:13.978,460.071,35.700,16424.359,0.000,0.000,0.000,36.659,36.813,37.204,1.000,1.000,0.000,48.680,48.500,0.940,61.262,5.000,99.0,47.0,-34.97435760498047,-31.0256404876709
19.841,12:25:14.281,460.071,35.700,16424.359,0.000,0.000,0.000,36.659,36.813,37.204,1.000,1.000,0.000,48.680,48.500,0.940,61.262,5.000,99.0,47.0,-44.35897445678711,31.538461685180664
20.144,12:25:14.393,461.317,35.411,16335.871,0.000,0.000,0.000,35.915,36.186,37.531,1.000,1.000,0.000,48.719,48.900,0.940,61.325,5.000,99.0,47.0,-44.35897445678711,31.538461685180664
20.256,12:25:14.504,461.317,35.411,16335.871,0.000,0.000,0.000,35.915,36.186,37.531,1.000,1.000,0.000,48.719,48.900,0.940,61.325,5.000,99.0,47.0,-44.35897445678711,31.538461685180664
20.368,12:25:14.809,460.092,35.710,16429.705,0.000,0.000,0.000,36.573,36.684,37.534,1.000,1.000,0.000,48.681,48.500,0.940,61.402,5.000,99.0,47.0,-0.6153846383094788,-42.0512809753418
20.673,12:25:14.921,460.092,35.710,16429.705,0.000,0.000,0.000,36.573,36.684,37.534,1.000,1.000,0.000,48.681,48.500,0.940,61.402,5.000,99.0,47.0,-0.6153846383094788,-42.0512809753418
20.783,12:25:15.032,457.813,36.224,16583.797,0.000,0.000,0.000,36.980,37.320,38.226,1.000,1.000,0.000,49.081,48.900,0.940,61.416,5.000,99.0,47.0,-0.6153846383094788,-42.0512809753418
20.896,12:25:15.336,457.813,36.224,16583.797,0.000,0.000,0.000,36.980,37.320,38.226,1.000,1.000,0.000,49.081,48.900,0.940,61.416,5.000,99.0,47.0,36.871795654296875,9.435897827148438
21.199,12:25:15.448,459.930,35.788,16459.857,0.000,0.000,0.000,36.705,37.091,37.112,1.000,1.000,0.000,48.681,48.500,0.940,61.519,5.000,99.0,47.0,36.871795654296875,9.435897827148438
21.311,12:25:15.560,459.930,35.788,16459.857,0.000,0.000,0.000,36.705,37.091,37.112,1.000,1.000,0.000,48.681,48.500,0.940,61.519,5.000,99.0,47.0,36.871795654296875,9.435897827148438
21.424,12:25:15.864,459.930,35.788,16459.857,0.000,0.000,0.000,36.705,37.091,37.112,1.000,1.000,0.000,48.681,48.500,0.940,61.519,5.000,99.0,47.0,0.10256410390138626,-45.38461685180664
21.727,12:25:15.976,457.973,36.230,16592.230,0.000,0.000,0.000,37.124,37.588,37.765,1.000,1.000,0.000,49.081,48.900,0.940,61.529,5.000,99.0,47.0,0.10256410390138626,-45.38461685180664
21.839,12:25:16.088,457.973,36.230,16592.230,0.000,0.000,0.000,37.124,37.588,37.765,1.000,1.000,0.000,49.081,48.900,0.940,61.529,5.000,99.0,47.0,0.10256410390138626,-45.38461685180664
21.951,12:25:16.408,457.973,36.230,16592.230,0.000,0.000,0.000,37.124,37.588,37.765,1.000,1.000,0.000,49.081,48.900,0.940,61.529,5.000,99.0,47.0,47.846153259277344,-16.820512771606445
22.271,12:25:16.519,459.818,35.829,16474.723,0.000,0.000,0.000,36.411,37.618,37.154,1.000,1.000,0.000,48.681,48.500,0.940,61.628,5.000,99.0,47.0,47.846153259277344,-16.820512771606445
22.383,12:25:16.631,459.818,35.829,16474.723,0.000,0.000,0.000,36.411,37.618,37.154,1.000,1.000,0.000,48.681,48.500,0.940,61.628,5.000,99.0,47.0,47.846153259277344,-16.820512771606445
22.495,12:25:16.936,462.000,35.311,16313.591,0.000,0.000,0.000,36.074,36.803,36.429,1.000,1.000,0.000,48.719,48.900,0.940,61.666,5.000,99.0,47.0,-48.56410217285156,32.769229888916016
22.816,12:25:17.064,455.741,36.752,16749.488,0.000,0.000,0.000,37.265,38.670,38.473,1.000,1.000,0.000,49.119,49.300,0.940,61.720,5.000,99.0,47.0,-48.56410217285156,32.769229888916016
22.927,12:25:17.176,455.741,36.752,16749.488,0.000,0.000,0.000,37.265,38.670,38.473,1.000,1.000,0.000,49.119,49.300,0.940,61.720,5.000,99.0,47.0,-48.56410217285156,32.769229888916016
23.039,12:25:17.479,455.741,36.752,16749.488,0.000,0.000,0.000,37.265,38.670,38.473,1.000,1.000,0.000,49.119,49.300,0.940,61.720,5.000,99.0,47.0,47.07692337036133,-38.92307662963867
23.342,12:25:17.590,459.946,35.840,16484.465,0.000,0.000,0.000,35.908,37.338,38.042,1.000,1.000,0.000,48.681,48.500,0.940,61.774,5.000,99.0,47.0,47.07692337036133,-38.92307662963867
23.455,12:25:17.703,459.946,35.840,16484.465,0.000,0.000,0.000,35.908,37.338,38.042,1.000,1.000,0.000,48.681,48.500,0.940,61.774,5.000,99.0,47.0,47.07692337036133,-38.92307662963867
23.566,12:25:18.007,459.946,35.840,16484.465,0.000,0.000,0.000,35.908,37.338,38.042,1.000,1.000,0.000,48.681,48.500,0.940,61.774,5.000,99.0,47.0,-24.153846740722656,52.871795654296875
23.870,12:25:18.119,459.923,35.861,16493.215,0.000,0.000,0.000,35.863,37.481,38.036,1.000,1.000,0.000,48.719,48.900,0.940,61.819,5.000,99.0,47.0,-24.153846740722656,52.871795654296875
23.982,12:25:18.231,459.923,35.861,16493.215,0.000,0.000,0.000,35.863,37.481,38.036,1.000,1.000,0.000,48.719,48.900,0.940,61.819,5.000,99.0,47.0,-24.153846740722656,52.871795654296875
24.094,12:25:18.534,459.974,35.847,16488.500,0.000,0.000,0.000,36.094,37.074,38.129,1.000,1.000,0.000,48.681,48.500,0.940,61.900,5.000,99.0,47.0,-32.66666793823242,-19.230770111083984
24.397,12:25:18.646,459.974,35.847,16488.500,0.000,0.000,0.000,36.094,37.074,38.129,1.000,1.000,0.000,48.681,48.500,0.940,61.900,5.000,99.0,47.0,-32.66666793823242,-19.230770111083984
24.510,12:25:18.758,460.148,35.817,16481.348,0.000,0.000,0.000,35.920,37.126,38.111,1.000,1.000,0.000,48.719,48.900,0.940,61.929,5.000,99.0,47.0,-32.66666793823242,-19.230770111083984
24.621,12:25:19.062,460.148,35.817,16481.348,0.000,0.000,0.000,35.920,37.126,38.111,1.000,1.000,0.000,48.719,48.900,0.940,61.929,5.000,99.0,47.0,1.0256410837173462,46.10256576538086
24.926,12:25:19.174,455.606,36.828,16779.105,0.000,0.000,0.000,37.477,38.048,39.086,1.000,1.000,0.000,49.119,49.300,0.940,61.991,5.000,99.0,47.0,1.0256410837173462,46.10256576538086
25.038,12:25:19.286,455.606,36.828,16779.105,0.000,0.000,0.000,37.477,38.048,39.086,1.000,1.000,0.000,49.119,49.300,0.940,61.991,5.000,99.0,47.0,1.0256410837173462,46.10256576538086
25.149,12:25:19.589,455.606,36.828,16779.105,0.000,0.000,0.000,37.477,38.048,39.086,1.000,1.000,0.000,49.119,49.300,0.940,61.991,5.000,99.0,47.0,-54.56410217285156,23.64102554321289
25.454,12:25:19.702,459.849,35.898,16507.822,0.000,0.000,0.000,36.764,37.404,37.232,1.000,1.000,0.000,48.681,48.500,0.940,62.032,5.000,99.0,47.0,-54.56410217285156,23.64102554321289
25.564,12:25:19.813,459.849,35.898,16507.822,0.000,0.000,0.000,36.764,37.404,37.232,1.000,1.000,0.000,48.681,48.500,0.940,62.032,5.000,99.0,47.0,-54.56410217285156,23.64102554321289
25.676,12:25:20.117,459.913,35.880,16501.865,0.000,0.000,0.000,36.793,37.191,37.218,1.000,1.000,0.000,48.719,48.900,0.940,62.096,5.000,99.0,47.0,38.35897445678711,-51.43589782714844
25.980,12:25:20.229,459.913,35.880,16501.865,0.000,0.000,0.000,36.793,37.191,37.218,1.000,1.000,0.000,48.719,48.900,0.940,62.096,5.000,99.0,47.0,38.35897445678711,-51.43589782714844
26.093,12:25:20.342,459.990,35.888,16508.008,0.000,0.000,0.000,36.721,37.375,37.184,1.000,1.000,0.000,48.719,48.900,0.940,62.109,5.000,99.0,47.0,38.35897445678711,-51.43589782714844
26.204,12:25:20.645,459.990,35.888,16508.008,0.000,0.000,0.000,36.721,37.375,37.184,1.000,1.000,0.000,48.719,48.900,0.940,62.109,5.000,99.0,47.0,6.666666507720947,22.564102172851562
26.509,12:25:20.757,459.505,36.021,16551.607,0.000,0.000,0.000,36.606,37.786,37.445,1.000,1.000,0.000,49.081,48.900,0.940,62.158,5.000,99.0,47.0,6.666666507720947,22.564102172851562
26.621,12:25:20.869,459.505,36.021,16551.607,0.000,0.000,0.000,36.606,37.786,37.445,1.000,1.000,0.000,49.081,48.900,0.940,62.158,5.000,99.0,47.0,6.666666507720947,22.564102172851562
26.732,12:25:21.172,459.505,36.021,16551.607,0.000,0.000,0.000,36.606,37.786,37.445,1.000,1.000,0.000,49.081,48.900,0.940,62.158,5.000,99.0,47.0,-47.17948532104492,8.20512866973877
27.036,12:25:21.284,463.472,35.071,16254.329,0.000,0.000,0.000,35.223,36.988,36.390,1.000,1.000,0.000,48.681,48.500,0.940,62.169,5.000,99.0,47.0,-47.17948532104492,8.20512866973877
27.148,12:25:21.397,463.472,35.071,16254.329,0.000,0.000,0.000,35.223,36.988,36.390,1.000,1.000,0.000,48.681,48.500,0.940,62.169,5.000,99.0,47.0,-47.17948532104492,8.20512866973877
27.259,12:25:21.701,463.472,35.071,16254.329,0.000,0.000,0.000,35.223,36.988,36.390,1.000,1.000,0.000,48.681,48.500,0.940,62.169,5.000,99.0,47.0,-2.5128204822540283,47.79487228393555
27.563,12:25:21.812,460.383,35.843,16501.453,0.000,0.000,0.000,36.405,37.603,37.189,1.000,1.000,0.000,48.719,48.900,0.940,62.217,5.000,99.0,47.0,-2.5128204822540283,47.79487228393555
27.692,12:25:21.941,456.253,36.781,16781.547,0.000,0.000,0.000,37.078,38.690,38.643,1.000,1.000,0.000,49.119,49.300,0.940,62.254,5.000,99.0,47.0,-2.5128204822540283,47.79487228393555
27.804,12:25:22.243,456.253,36.781,16781.547,0.000,0.000,0.000,37.078,38.690,38.643,1.000,1.000,0.000,49.119,49.300,0.940,62.254,5.000,99.0,47.0,-55.07692337036133,22.66666603088379
28.107,12:25:22.356,459.842,36.011,16559.182,0.000,0.000,0.000,36.317,37.087,38.254,1.000,1.000,0.000,49.081,48.900,0.940,62.283,5.000,99.0,47.0,-55.07692337036133,22.66666603088379
28.219,12:25:22.467,459.842,36.011,16559.182,0.000,0.000,0.000,36.317,37.087,38.254,1.000,1.000,0.000,49.081,48.900,0.940,62.283,5.000,99.0,47.0,-55.07692337036133,22.66666603088379
28.331,12:25:22.772,459.842,36.011,16559.182,0.000,0.000,0.000,36.317,37.087,38.254,1.000,1.000,0.000,49.081,48.900,0.940,62.283,5.000,99.0,47.0,44.0512809753418,4.0
28.635,12:25:22.884,463.838,35.044,16254.730,0.000,0.000,0.000,35.552,35.787,37.133,1.000,1.000,0.000,48.681,48.500,0.940,62.314,5.000,99.0,47.0,44.0512809753418,4.0
28.747,12:25:22.995,463.838,35.044,16254.730,0.000,0.000,0.000,35.552,35.787,37.133,1.000,1.000,0.000,48.681,48.500,0.940,62.314,5.000,99.0,47.0,44.0512809753418,4.0
28.859,12:25:23.300,463.838,35.044,16254.730,0.000,0.000,0.000,35.552,35.787,37.133,1.000,1.000,0.000,48.681,48.500,0.940,62.314,5.000,99.0,47.0,-48.66666793823242,10.564102172851562
29.162,12:25:23.411,464.113,34.981,16235.065,0.000,0.000,0.000,35.023,36.145,37.109,1.000,1.000,0.000,48.280,48.100,0.940,62.369,5.000,99.0,47.0,-48.66666793823242,10.564102172851562
29.274,12:25:23.523,464.113,34.981,16235.065,0.000,0.000,0.000,35.023,36.145,37.109,1.000,1.000,0.000,48.280,48.100,0.940,62.369,5.000,99.0,47.0,-48.66666793823242,10.564102172851562
29.386,12:25:23.826,464.312,34.932,16219.137,0.000,0.000,0.000,35.015,36.822,36.222,1.000,1.000,0.000,48.318,48.500,0.940,62.361,5.000,99.0,47.0,40.61538314819336,2.0
29.690,12:25:23.938,464.312,34.932,16219.137,0.000,0.000,0.000,35.015,36.822,36.222,1.000,1.000,0.000,48.318,48.500,0.940,62.361,5.000,99.0,47.0,40.61538314819336,2.0
29.802,12:25:24.050,467.467,34.121,15950.654,0.000,0.000,0.000,35.052,34.973,35.294,1.000,1.000,0.000,48.280,48.100,0.940,62.355,5.000,99.0,47.0,40.61538314819336,2.0
29.914,12:25:24.354,467.467,34.121,15950.654,0.000,0.000,0.000,35.052,34.973,35.294,1.000,1.000,0.000,48.280,48.100,0.940,62.355,5.000,99.0,47.0,24.9743595123291,27.128204345703125
30.218,12:25:24.467,464.242,34.990,16243.738,0.000,0.000,0.000,34.838,36.276,37.139,1.000,1.000,0.000,48.719,48.900,0.940,62.270,5.000,99.0,47.0,24.9743595123291,27.128204345703125
30.330,12:25:24.579,464.242,34.990,16243.738,0.000,0.000,0.000,34.838,36.276,37.139,1.000,1.000,0.000,48.719,48.900,0.940,62.270,5.000,99.0,47.0,24.9743595123291,27.128204345703125
30.443,12:25:24.882,464.242,34.990,16243.738,0.000,0.000,0.000,34.838,36.276,37.139,1.000,1.000,0.000,48.719,48.900,0.940,62.270,5.000,99.0,47.0,-34.35897445678711,52.153846740722656
30.745,12:25:24.994,457.872,36.520,16721.699,0.000,0.000,0.000,36.715,38.213,38.706,1.000,1.000,0.000,49.120,49.300,0.940,62.334,5.000,99.0,47.0,-34.35897445678711,52.153846740722656
30.858,12:25:25.107,457.872,36.520,16721.699,0.000,0.000,0.000,36.715,38.213,38.706,1.000,1.000,0.000,49.120,49.300,0.940,62.334,5.000,99.0,47.0,-34.35897445678711,52.153846740722656
30.970,12:25:25.410,459.525,36.160,16616.502,0.000,0.000,0.000,36.805,37.189,38.201,1.000,1.000,0.000,49.081,48.900,0.940,62.359,5.000,99.0,47.0,-1.0256410837173462,45.64102554321289
31.274,12:25:25.522,459.525,36.160,16616.502,0.000,0.000,0.000,36.805,37.189,38.201,1.000,1.000,0.000,49.081,48.900,0.940,62.359,5.000,99.0,47.0,-1.0256410837173462,45.64102554321289
31.385,12:25:25.633,462.091,35.572,16437.344,0.000,0.000,0.000,36.494,36.739,36.906,1.000,1.000,0.000,48.681,48.500,0.940,62.467,5.000,99.0,47.0,-1.0256410837173462,45.64102554321289
31.498,12:25:25.938,462.091,35.572,16437.344,0.000,0.000,0.000,36.494,36.739,36.906,1.000,1.000,0.000,48.681,48.500,0.940,62.467,5.000,99.0,47.0,38.153846740722656,46.71794891357422
31.801,12:25:26.049,462.177,35.566,16437.686,0.000,0.000,0.000,36.467,36.674,37.066,1.000,1.000,0.000,48.719,48.900,0.940,62.494,5.000,99.0,47.0,38.153846740722656,46.71794891357422
31.912,12:25:26.161,462.177,35.566,16437.686,0.000,0.000,0.000,36.467,36.674,37.066,1.000,1.000,0.000,48.719,48.900,0.940,62.494,5.000,99.0,47.0,38.153846740722656,46.71794891357422
32.026,12:25:26.465,462.177,35.566,16437.686,0.000,0.000,0.000,36.467,36.674,37.066,1.000,1.000,0.000,48.719,48.900,0.940,62.494,5.000,99.0,47.0,-53.38461685180664,16.615385055541992
32.328,12:25:26.577,457.936,36.560,16742.105,0.000,0.000,0.000,37.323,38.259,38.117,1.000,1.000,0.000,49.119,49.300,0.940,62.518,5.000,99.0,47.0,-53.38461685180664,16.615385055541992
32.440,12:25:26.689,457.936,36.560,16742.105,0.000,0.000,0.000,37.323,38.259,38.117,1.000,1.000,0.000,49.119,49.300,0.940,62.518,5.000,99.0,47.0,-53.38461685180664,16.615385055541992
32.553,12:25:26.992,459.954,36.126,16616.477,0.000,0.000,0.000,36.167,37.856,38.079,1.000,1.000,0.000,49.081,48.900,0.940,62.572,5.000,99.0,47.0,0.6666666865348816,-45.128204345703125
32.856,12:25:27.104,459.954,36.126,16616.477,0.000,0.000,0.000,36.167,37.856,38.079,1.000,1.000,0.000,49.081,48.900,0.940,62.572,5.000,99.0,47.0,0.6666666865348816,-45.128204345703125
32.969,12:25:27.218,458.050,36.553,16743.322,0.000,0.000,0.000,37.029,37.745,38.833,1.000,1.000,0.000,49.119,49.300,0.940,62.642,5.000,99.0,47.0,0.6666666865348816,-45.128204345703125
33.080,12:25:27.521,458.050,36.553,16743.322,0.000,0.000,0.000,37.029,37.745,38.833,1.000,1.000,0.000,49.119,49.300,0.940,62.642,5.000,99.0,47.0,47.9487190246582,-30.30769157409668
33.385,12:25:27.633,460.299,36.086,16610.219,0.000,0.000,0.000,36.917,37.372,37.504,1.000,1.000,0.000,49.081,48.900,0.940,62.697,5.000,99.0,47.0,47.9487190246582,-30.30769157409668
33.496,12:25:27.744,460.299,36.086,16610.219,0.000,0.000,0.000,36.917,37.372,37.504,1.000,1.000,0.000,49.081,48.900,0.940,62.697,5.000,99.0,47.0,47.9487190246582,-30.30769157409668
33.608,12:25:28.049,460.299,36.086,16610.219,0.000,0.000,0.000,36.917,37.372,37.504,1.000,1.000,0.000,49.081,48.900,0.940,62.697,5.000,99.0,47.0,-55.33333206176758,26.256410598754883
33.911,12:25:28.160,460.439,36.051,16599.098,0.000,0.000,0.000,36.712,37.658,37.391,1.000,1.000,0.000,49.119,49.300,0.940,62.739,5.000,99.0,47.0,-55.33333206176758,26.256410598754883
34.024,12:25:28.273,460.439,36.051,16599.098,0.000,0.000,0.000,36.712,37.658,37.391,1.000,1.000,0.000,49.119,49.300,0.940,62.739,5.000,99.0,47.0,-55.33333206176758,26.256410598754883
34.136,12:25:28.575,460.439,36.051,16599.098,0.000,0.000,0.000,36.712,37.658,37.391,1.000,1.000,0.000,49.119,49.300,0.940,62.739,5.000,99.0,47.0,-32.97435760498047,-19.179487228393555
34.439,12:25:28.687,457.970,36.648,16783.490,0.000,0.000,0.000,36.871,38.204,38.891,1.000,1.000,0.000,49.081,48.900,0.940,62.767,5.000,99.0,47.0,-32.97435760498047,-19.179487228393555
34.551,12:25:28.799,457.970,36.648,16783.490,0.000,0.000,0.000,36.871,38.204,38.891,1.000,1.000,0.000,49.081,48.900,0.940,62.767,5.000,99.0,47.0,-32.97435760498047,-19.179487228393555
34.663,12:25:29.103,464.164,35.154,16317.043,0.000,0.000,0.000,35.228,36.179,37.322,1.000,1.000,0.000,48.681,48.500,0.940,62.849,5.000,99.0,47.0,50.30769348144531,-22.30769157409668
34.967,12:25:29.215,464.164,35.154,16317.043,0.000,0.000,0.000,35.228,36.179,37.322,1.000,1.000,0.000,48.681,48.500,0.940,62.849,5.000,99.0,47.0,50.30769348144531,-22.30769157409668
35.080,12:25:29.328,460.599,36.051,16604.887,0.000,0.000,0.000,36.146,37.368,38.245,1.000,1.000,0.000,49.119,49.300,0.940,62.845,5.000,99.0,47.0,50.30769348144531,-22.30769157409668
35.192,12:25:29.632,460.599,36.051,16604.887,0.000,0.000,0.000,36.146,37.368,38.245,1.000,1.000,0.000,49.119,49.300,0.940,62.845,5.000,99.0,47.0,-36.10256576538086,-10.717948913574219
35.495,12:25:29.744,462.155,35.691,16494.559,0.000,0.000,0.000,36.423,36.596,37.558,1.000,1.000,0.000,48.681,48.500,0.940,62.868,5.000,99.0,47.0,-36.10256576538086,-10.717948913574219
35.608,12:25:29.856,462.155,35.691,16494.559,0.000,0.000,0.000,36.423,36.596,37.558,1.000,1.000,0.000,48.681,48.500,0.940,62.868,5.000,99.0,47.0,-36.10256576538086,-10.717948913574219
35.719,12:25:30.158,462.155,35.691,16494.559,0.000,0.000,0.000,36.423,36.596,37.558,1.000,1.000,0.000,48.681,48.500,0.940,62.868,5.000,99.0,47.0,51.89743423461914,-32.769229888916016
36.023,12:25:30.271,460.664,36.030,16597.521,0.000,0.000,0.000,36.633,37.025,38.040,1.000,1.000,0.000,49.119,49.300,0.940,62.917,5.000,99.0,47.0,51.89743423461914,-32.769229888916016
36.135,12:25:30.383,460.664,36.030,16597.521,0.000,0.000,0.000,36.633,37.025,38.040,1.000,1.000,0.000,49.119,49.300,0.940,62.917,5.000,99.0,47.0,51.89743423461914,-32.769229888916016
