iso,t_s,VDC,IDC,P_W,hz,modidx,sts,Q_m3h,meter_m3,kWh,m3
2026-09-14T14:03:31,0.2,471.7,30.54,14406,46.52,0.940,1,53.32,5472.645,0.0000,0.0000
2026-09-14T14:03:34,3.4,469.7,31.01,14564,46.48,0.940,1,53.30,5472.690,0.0129,0.0473
2026-09-14T14:03:37,6.6,467.1,31.54,14733,46.88,0.940,1,53.42,5472.734,0.0260,0.0948
2026-09-14T14:03:40,9.8,464.1,32.13,14914,46.88,0.940,1,53.38,5472.779,0.0393,0.1422
2026-09-14T14:03:44,13.0,463.7,32.18,14923,46.88,0.940,1,53.38,5472.838,0.0525,0.1896
2026-09-14T14:03:47,16.2,470.5,30.73,14458,46.52,0.940,1,53.32,5472.882,0.0654,0.2370
2026-09-14T14:03:50,19.4,468.7,31.14,14592,46.48,0.940,1,53.29,5472.927,0.0783,0.2843
2026-09-14T14:03:53,22.6,468.4,31.19,14609,46.52,0.940,1,53.24,5472.971,0.0913,0.3316
2026-09-14T14:03:56,25.8,470.3,30.86,14512,46.52,0.940,1,53.17,5473.016,0.1042,0.3788
2026-09-14T14:04:00,29.0,467.0,31.56,14740,46.92,0.940,1,53.10,5473.060,0.1173,0.4260
2026-09-14T14:04:03,32.2,464.3,32.11,14909,46.92,0.940,1,53.07,5473.119,0.1305,0.4732
2026-09-14T14:04:06,35.4,468.0,31.36,14678,46.92,0.940,1,53.13,5473.163,0.1436,0.5204
2026-09-14T14:04:09,38.6,462.0,32.51,15019,47.28,0.940,1,53.19,5473.207,0.1569,0.5676
2026-09-14T14:04:12,41.8,471.3,30.63,14435,46.48,0.940,1,53.28,5473.252,0.1697,0.6150
2026-09-14T14:04:16,45.0,468.6,31.23,14633,46.52,0.940,1,53.35,5473.311,0.1827,0.6623
2026-09-14T14:04:19,48.2,466.5,31.66,14769,46.88,0.940,1,53.50,5473.355,0.1959,0.7099
2026-09-14T14:04:22,51.3,467.0,31.54,14730,46.88,0.940,1,53.63,5473.400,0.2089,0.7573
2026-09-14T14:04:25,54.5,468.7,31.20,14624,46.48,0.940,1,53.66,5473.445,0.2219,0.8049
2026-09-14T14:04:28,57.7,471.5,30.55,14406,46.52,0.940,1,53.58,5473.490,0.2347,0.8525
2026-09-14T14:04:32,60.9,466.4,31.65,14763,46.92,0.940,1,53.51,5473.549,0.2478,0.9001
2026-09-14T14:04:35,64.1,469.1,31.09,14586,46.52,0.940,1,53.44,5473.594,0.2607,0.9475
2026-09-14T14:04:38,67.3,468.6,31.19,14618,46.52,0.940,1,53.45,5473.638,0.2737,0.9950
2026-09-14T14:04:41,70.5,471.5,30.54,14401,46.52,0.940,1,53.50,5473.683,0.2865,1.0425
2026-09-14T14:04:44,73.7,468.9,31.03,14549,46.48,0.940,1,53.58,5473.727,0.2994,1.0901
2026-09-14T14:04:47,76.9,466.9,31.43,14673,46.88,0.940,1,53.59,5473.787,0.3125,1.1377
2026-09-14T14:04:51,80.1,470.7,30.59,14400,46.48,0.940,1,53.51,5473.831,0.3253,1.1853
2026-09-14T14:04:54,83.3,467.4,31.30,14631,46.52,0.940,1,53.54,5473.876,0.3383,1.2328
2026-09-14T14:04:57,86.5,464.0,32.04,14866,46.88,0.940,1,53.61,5473.921,0.3515,1.2805
2026-09-14T14:05:00,89.7,468.0,31.23,14616,46.48,0.940,1,53.62,5473.965,0.3645,1.3281
2026-09-14T14:05:03,92.9,467.4,31.34,14649,46.52,0.940,1,53.43,5474.010,0.3775,1.3756
2026-09-14T14:05:07,96.1,465.5,31.73,14769,46.88,0.940,1,53.24,5474.069,0.3906,1.4228
2026-09-14T14:05:10,99.3,468.2,31.15,14587,46.52,0.940,1,53.11,5474.114,0.4035,1.4700
2026-09-14T14:05:13,102.5,466.6,31.47,14684,46.88,0.940,1,53.14,5474.158,0.4166,1.5172
2026-09-14T14:05:16,105.7,466.8,31.44,14676,46.88,0.940,1,53.13,5474.202,0.4296,1.5644
2026-09-14T14:05:19,108.9,472.0,30.25,14281,46.12,0.940,1,53.09,5474.246,0.4423,1.6116
2026-09-14T14:05:23,112.1,466.1,31.54,14701,46.88,0.940,1,53.00,5474.305,0.4554,1.6587
2026-09-14T14:05:26,115.3,470.4,30.60,14395,46.52,0.940,1,53.07,5474.349,0.4682,1.7058
2026-09-14T14:05:29,118.5,470.4,30.60,14395,46.52,0.940,1,53.24,5474.394,0.4810,1.7531
2026-09-14T14:05:33,122.2,467.9,31.14,14571,46.52,0.940,1,,,0.4961,1.7531
2026-09-14T14:05:36,125.5,467.1,31.29,14613,46.52,0.940,1,53.20,5474.497,0.5091,1.8005
2026-09-14T14:05:39,128.7,466.1,31.46,14664,46.88,0.940,1,53.09,5474.542,0.5222,1.8477
2026-09-14T14:05:42,131.9,464.6,31.65,14706,46.88,0.940,1,53.18,5474.586,0.5352,1.8949
2026-09-14T14:05:46,135.1,464.8,31.60,14685,46.88,0.940,1,53.32,5474.645,0.5483,1.9423
2026-09-14T14:05:49,138.2,466.0,31.34,14606,46.52,0.940,1,53.44,5474.690,0.5613,1.9898
2026-09-14T14:05:52,141.4,468.1,30.96,14492,46.52,0.940,1,53.49,5474.734,0.5741,2.0373
2026-09-14T14:05:55,144.6,468.4,30.86,14455,46.52,0.940,1,53.55,5474.779,0.5870,2.0848
2026-09-14T14:05:58,147.8,465.9,31.39,14625,46.52,0.940,1,53.61,5474.823,0.6000,2.1325
2026-09-14T14:06:02,151.0,465.8,31.40,14625,46.52,0.940,1,53.54,5474.883,0.6130,2.1800
2026-09-14T14:06:05,154.2,467.2,31.11,14532,46.52,0.940,1,53.41,5474.927,0.6259,2.2275
2026-09-14T14:06:08,157.4,461.7,32.18,14861,46.88,0.940,1,53.34,5474.972,0.6391,2.2749
2026-09-14T14:06:11,160.6,468.8,30.73,14404,46.52,0.940,1,53.30,5475.016,0.6519,2.3222
2026-09-14T14:06:14,163.8,465.3,31.46,14636,46.48,0.940,1,53.35,5475.061,0.6649,2.3696
2026-09-14T14:06:18,167.0,467.8,30.92,14466,46.48,0.940,1,53.33,5475.120,0.6776,2.4167
2026-09-14T14:06:21,170.2,464.0,31.70,14707,46.88,0.940,1,53.26,5475.165,0.6907,2.4640
2026-09-14T14:06:24,173.4,469.1,30.60,14356,46.12,0.940,1,53.21,5475.209,0.7035,2.5113
2026-09-14T14:06:27,176.6,468.9,30.67,14380,46.52,0.940,1,53.12,5475.253,0.7162,2.5585
2026-09-14T14:06:30,179.8,467.6,30.92,14459,46.52,0.940,1,53.03,5475.297,0.7291,2.6056
2026-09-14T14:06:34,183.0,468.4,30.75,14403,46.52,0.940,1,52.96,5475.356,0.7419,2.6527
2026-09-14T14:06:37,186.2,468.7,30.68,14380,46.52,0.940,1,52.78,5475.400,0.7546,2.6995
2026-09-14T14:06:40,189.4,466.2,31.13,14513,46.48,0.940,1,52.68,5475.444,0.7675,2.7463
2026-09-14T14:06:43,192.6,467.5,30.84,14418,46.48,0.940,1,52.64,5475.488,0.7803,2.7931
2026-09-14T14:06:46,195.8,469.1,30.48,14299,46.12,0.940,1,52.78,5475.532,0.7930,2.8400
2026-09-14T14:06:50,199.0,463.6,31.48,14594,46.88,0.940,1,52.95,5475.591,0.8060,2.8870
2026-09-14T14:06:53,202.2,469.4,30.40,14268,46.12,0.940,1,52.96,5475.635,0.8187,2.9341
2026-09-14T14:06:56,205.4,467.7,30.81,14413,46.48,0.940,1,52.95,5475.679,0.8315,2.9811
2026-09-14T14:06:59,208.6,464.8,31.47,14629,46.52,0.940,1,52.91,5475.723,0.8445,3.0281
2026-09-14T14:07:02,211.8,468.2,30.72,14385,46.52,0.940,1,52.98,5475.767,0.8573,3.0752
2026-09-14T14:07:06,215.0,465.5,31.31,14576,46.48,0.940,1,53.06,5475.811,0.8702,3.1223
2026-09-14T14:07:09,218.2,465.0,31.38,14595,46.48,0.940,1,53.10,5475.870,0.8832,3.1695
2026-09-14T14:07:12,221.4,468.6,30.61,14343,46.12,0.940,1,53.08,5475.915,0.8959,3.2166
2026-09-14T14:07:15,224.6,469.4,30.36,14250,46.12,0.940,1,53.06,5475.959,0.9086,3.2637
2026-09-14T14:07:18,227.8,468.7,30.48,14287,46.12,0.940,1,53.06,5476.003,0.9213,3.3109
2026-09-14T14:07:22,231.0,468.1,30.61,14328,46.12,0.940,1,53.06,5476.062,0.9340,3.3580
2026-09-14T14:07:25,234.2,463.6,31.55,14624,46.48,0.940,1,53.04,5476.106,0.9470,3.4051
2026-09-14T14:07:28,237.4,468.7,30.45,14272,46.12,0.940,1,52.99,5476.150,0.9597,3.4522
2026-09-14T14:07:31,240.6,470.4,30.07,14142,46.08,0.940,1,52.96,5476.195,0.9722,3.4992
2026-09-14T14:07:34,243.8,467.1,30.79,14381,46.48,0.940,1,52.91,5476.239,0.9850,3.5462
2026-09-14T14:07:38,247.0,463.8,31.50,14607,46.48,0.940,1,52.84,5476.283,0.9980,3.5932
2026-09-14T14:07:41,250.2,466.7,30.88,14410,46.48,0.940,1,52.75,5476.341,1.0108,3.6400
2026-09-14T14:07:44,253.4,467.5,30.75,14376,46.48,0.940,1,52.72,5476.385,1.0235,3.6869
2026-09-14T14:07:47,256.6,467.7,30.72,14365,46.48,0.940,1,52.71,5476.429,1.0363,3.7337
2026-09-14T14:07:50,259.8,469.5,30.40,14273,46.12,0.940,1,52.70,5476.473,1.0490,3.7805
2026-09-14T14:07:54,263.0,467.3,30.86,14421,46.52,0.940,1,52.65,5476.517,1.0618,3.8273
2026-09-14T14:07:57,266.2,468.5,30.60,14339,46.12,0.940,1,52.72,5476.576,1.0745,3.8741
2026-09-14T14:08:00,269.3,468.3,30.65,14354,46.08,0.940,1,52.85,5476.620,1.0873,3.9211
2026-09-14T14:08:03,272.5,466.8,30.96,14451,46.52,0.940,1,52.92,5476.664,1.1001,3.9681
2026-09-14T14:08:06,275.7,468.9,30.51,14307,46.12,0.940,1,52.95,5476.708,1.1128,4.0151
2026-09-14T14:08:10,278.9,463.5,31.60,14649,46.88,0.940,1,52.95,5476.767,1.1258,4.0621
2026-09-14T14:08:13,282.1,466.5,31.01,14467,46.48,0.940,1,52.96,5476.811,1.1387,4.1092
2026-09-14T14:08:16,285.3,476.9,28.53,13604,45.32,0.940,1,52.89,5476.855,1.1508,4.1562
2026-09-14T14:08:19,288.5,467.1,30.81,14392,46.52,0.940,1,52.81,5476.899,1.1636,4.2031
2026-09-14T14:08:22,291.7,467.7,30.71,14364,46.52,0.940,1,52.80,5476.943,1.1763,4.2500
2026-09-14T14:08:26,294.9,469.2,30.41,14266,46.08,0.940,1,52.84,5476.987,1.1890,4.2969
2026-09-14T14:08:29,298.1,466.9,30.89,14425,46.48,0.940,1,52.87,5477.046,1.2018,4.3439
2026-09-14T14:08:32,301.3,464.2,31.46,14604,46.48,0.940,1,52.71,5477.090,1.2148,4.3907
2026-09-14T14:08:35,304.5,468.1,30.68,14361,46.12,0.940,1,52.60,5477.134,1.2275,4.4374
2026-09-14T14:08:38,307.7,462.6,31.71,14667,46.88,0.940,1,52.62,5477.177,1.2406,4.4842
2026-09-14T14:08:41,310.9,471.3,29.94,14112,46.08,0.940,1,52.84,5477.221,1.2531,4.5311
2026-09-14T14:08:45,314.1,468.2,30.64,14346,46.48,0.940,1,52.94,5477.280,1.2659,4.5782
2026-09-14T14:08:48,317.3,470.2,30.29,14245,46.12,0.940,1,52.93,5477.324,1.2785,4.6252
2026-09-14T14:08:51,320.5,469.6,30.44,14297,46.12,0.940,1,52.84,5477.368,1.2912,4.6721
2026-09-14T14:08:54,323.7,469.1,30.56,14334,46.12,0.940,1,52.87,5477.412,1.3039,4.7191
2026-09-14T14:08:57,326.9,464.7,31.46,14619,46.52,0.940,1,52.94,5477.456,1.3169,4.7661
2026-09-14T14:09:01,330.1,467.4,30.90,14445,46.52,0.940,1,52.90,5477.515,1.3298,4.8131
2026-09-14T14:09:04,333.3,465.3,31.35,14587,46.48,0.940,1,52.78,5477.559,1.3427,4.8600
2026-09-14T14:09:07,336.5,468.9,30.61,14353,46.12,0.940,1,52.69,5477.603,1.3555,4.9068
2026-09-14T14:09:10,339.7,468.8,30.63,14362,46.12,0.940,1,52.71,5477.647,1.3682,4.9536
2026-09-14T14:09:13,342.9,473.7,29.54,13991,45.72,0.940,1,52.73,5477.691,1.3807,5.0005
2026-09-14T14:09:17,346.7,469.6,30.50,14321,46.12,0.940,1,,,1.3956,5.0005
2026-09-14T14:09:20,349.9,465.1,31.42,14613,46.48,0.940,1,52.56,5477.793,1.4086,5.0472
2026-09-14T14:09:24,353.1,467.4,30.97,14474,46.52,0.940,1,52.58,5477.852,1.4214,5.0939
2026-09-14T14:09:27,356.3,465.5,31.33,14583,46.48,0.940,1,52.67,5477.896,1.4344,5.1407
2026-09-14T14:09:30,359.5,465.2,31.39,14602,46.48,0.940,1,52.76,5477.940,1.4474,5.1875
2026-09-14T14:09:33,362.7,469.1,30.62,14366,46.08,0.940,1,52.85,5477.984,1.4602,5.2347
2026-09-14T14:09:36,365.9,471.2,30.08,14173,46.12,0.940,1,52.89,5478.028,1.4728,5.2817
2026-09-14T14:09:40,369.1,468.0,30.76,14396,46.48,0.940,1,52.84,5478.086,1.4856,5.3286
2026-09-14T14:09:43,372.3,472.4,29.80,14079,45.68,0.940,1,52.75,5478.130,1.4981,5.3755
2026-09-14T14:09:46,375.5,466.4,31.18,14542,46.48,0.940,1,52.66,5478.174,1.5110,5.4223
2026-09-14T14:09:49,378.7,471.6,30.07,14183,46.12,0.940,1,52.64,5478.218,1.5236,5.4690
2026-09-14T14:09:52,381.9,469.5,30.54,14339,46.12,0.940,1,52.67,5478.262,1.5363,5.5158
2026-09-14T14:09:56,385.1,469.0,30.66,14378,46.48,0.940,1,52.79,5478.321,1.5491,5.5627
2026-09-14T14:09:59,388.3,467.7,30.94,14469,46.48,0.940,1,52.96,5478.365,1.5620,5.6098
2026-09-14T14:10:02,391.4,470.0,30.46,14315,46.08,0.940,1,53.08,5478.409,1.5747,5.6569
2026-09-14T14:10:05,394.6,473.1,29.72,14059,45.72,0.940,1,53.13,5478.453,1.5872,5.7041
2026-09-14T14:10:08,397.8,467.5,30.97,14477,46.48,0.940,1,53.12,5478.497,1.6000,5.7513
2026-09-14T14:10:12,401.0,473.7,29.57,14008,45.72,0.940,1,53.13,5478.556,1.6125,5.7985
2026-09-14T14:10:15,404.2,469.8,30.46,14311,46.12,0.940,1,53.05,5478.601,1.6252,5.8456
2026-09-14T14:10:18,407.4,465.0,31.43,14613,46.48,0.940,1,52.99,5478.645,1.6382,5.8927
2026-09-14T14:10:21,410.6,470.3,30.34,14272,46.08,0.940,1,52.92,5478.689,1.6508,5.9397
2026-09-14T14:10:24,413.8,470.0,30.42,14297,46.12,0.940,1,52.92,5478.733,1.6635,5.9867
2026-09-14T14:10:28,417.0,469.1,30.59,14352,46.12,0.940,1,52.88,5478.792,1.6763,6.0337
2026-09-14T14:10:31,420.2,468.4,30.74,14401,46.52,0.940,1,52.80,5478.836,1.6891,6.0806
2026-09-14T14:10:34,423.4,467.1,30.91,14437,46.48,0.940,1,52.74,5478.880,1.7019,6.1274
2026-09-14T14:10:37,426.6,467.7,30.79,14402,46.48,0.940,1,52.70,5478.924,1.7147,6.1743
2026-09-14T14:10:40,429.8,469.1,30.51,14313,46.12,0.940,1,52.61,5478.968,1.7274,6.2210
2026-09-14T14:10:44,433.0,464.5,31.43,14596,46.48,0.940,1,52.56,5479.026,1.7404,6.2677
2026-09-14T14:10:47,436.2,470.1,30.40,14292,46.08,0.940,1,52.50,5479.070,1.7531,6.3143
2026-09-14T14:10:50,439.4,468.2,30.80,14418,46.48,0.940,1,52.53,5479.114,1.7659,6.3610
2026-09-14T14:10:53,442.6,468.7,30.71,14392,46.48,0.940,1,52.63,5479.157,1.7787,6.4077
2026-09-14T14:10:56,445.8,466.4,31.19,14548,46.48,0.940,1,52.70,5479.201,1.7916,6.4546
2026-09-14T14:11:00,449.0,468.0,30.87,14448,46.52,0.940,1,52.76,5479.260,1.8044,6.5014
2026-09-14T14:11:03,452.2,465.2,31.43,14619,46.48,0.940,1,52.85,5479.304,1.8174,6.5484
2026-09-14T14:11:06,455.4,469.0,30.63,14366,46.12,0.940,1,52.95,5479.348,1.8302,6.5954
2026-09-14T14:11:09,458.6,471.4,30.09,14183,46.12,0.940,1,52.91,5479.392,1.8428,6.6424
2026-09-14T14:11:12,461.8,463.4,31.70,14691,46.88,0.940,1,52.78,5479.436,1.8558,6.6893
2026-09-14T14:11:16,465.0,468.9,30.60,14351,46.12,0.940,1,52.69,5479.495,1.8686,6.7361
2026-09-14T14:11:19,468.2,470.1,30.35,14267,46.08,0.940,1,52.74,5479.539,1.8813,6.7830
2026-09-14T14:11:22,471.4,467.4,30.89,14441,46.52,0.940,1,52.79,5479.583,1.8941,6.8299
2026-09-14T14:11:25,474.6,459.4,32.37,14870,46.88,0.940,1,52.73,5479.627,1.9073,6.8767
2026-09-14T14:11:28,477.8,464.2,31.51,14624,46.48,0.940,1,52.58,5479.671,1.9203,6.9234
2026-09-14T14:11:32,481.0,466.8,30.91,14428,46.48,0.940,1,52.44,5479.729,1.9331,6.9700
2026-09-14T14:11:35,484.2,464.5,31.33,14553,46.52,0.940,1,52.46,5479.773,1.9460,7.0166
2026-09-14T14:11:38,487.4,468.2,30.59,14322,46.08,0.940,1,52.57,5479.816,1.9587,7.0633
2026-09-14T14:11:41,490.6,467.6,30.69,14353,46.48,0.940,1,52.69,5479.860,1.9716,7.1103
2026-09-14T14:11:44,493.8,466.6,30.96,14448,46.48,0.940,1,52.79,5479.904,1.9844,7.1572
2026-09-14T14:11:48,497.0,468.6,30.55,14316,46.08,0.940,1,52.85,5479.963,1.9971,7.2042
2026-09-14T14:11:51,500.2,467.4,30.79,14390,46.48,0.940,1,52.87,5480.007,2.0099,7.2511
2026-09-14T14:11:54,503.4,469.4,30.36,14250,46.12,0.940,1,52.84,5480.051,2.0226,7.2981
2026-09-14T14:11:57,506.6,470.4,30.12,14171,46.08,0.940,1,52.76,5480.095,2.0351,7.3449
2026-09-14T14:12:00,509.8,467.1,30.83,14400,46.52,0.940,1,52.73,5480.139,2.0479,7.3918
2026-09-14T14:12:04,513.0,467.8,30.69,14359,46.08,0.940,1,52.67,5480.197,2.0607,7.4386
2026-09-14T14:12:07,516.2,466.2,31.02,14461,46.48,0.940,1,52.62,5480.241,2.0735,7.4853
2026-09-14T14:12:10,519.4,468.6,30.53,14307,46.08,0.940,1,52.62,5480.285,2.0862,7.5320
2026-09-14T14:12:13,522.6,471.0,29.98,14122,46.12,0.940,1,52.73,5480.329,2.0988,7.5789
2026-09-14T14:12:16,525.8,467.4,30.75,14371,46.52,0.940,1,52.87,5480.373,2.1116,7.6259
2026-09-14T14:12:20,529.0,468.8,30.45,14275,46.08,0.940,1,52.92,5480.417,2.1242,7.6729
2026-09-14T14:12:23,532.2,468.2,30.57,14312,46.12,0.940,1,52.84,5480.476,2.1370,7.7200
2026-09-14T14:12:26,535.4,471.0,29.96,14111,46.12,0.940,1,52.82,5480.520,2.1496,7.7670
2026-09-14T14:12:29,538.6,468.9,30.34,14227,46.08,0.940,1,52.80,5480.564,2.1622,7.8139
2026-09-14T14:12:32,541.8,464.0,31.30,14525,46.48,0.940,1,52.77,5480.608,2.1751,7.8608
2026-09-14T14:12:36,545.0,470.4,30.01,14114,46.08,0.940,1,52.73,5480.667,2.1876,7.9076
2026-09-14T14:12:39,548.2,466.9,30.73,14348,46.48,0.940,1,52.69,5480.710,2.2004,7.9544
2026-09-14T14:12:42,551.4,465.7,31.06,14463,46.48,0.940,1,52.75,5480.754,2.2132,8.0013
2026-09-14T14:12:45,554.6,470.2,30.11,14156,46.12,0.940,1,52.81,5480.798,2.2258,8.0482
2026-09-14T14:12:48,557.8,470.9,29.97,14113,46.08,0.940,1,52.81,5480.842,2.2383,8.0951
2026-09-14T14:12:52,561.0,471.2,29.89,14083,45.72,0.940,1,52.80,5480.901,2.2509,8.1420
2026-09-14T14:12:55,564.2,464.4,31.34,14553,46.52,0.940,1,52.74,5480.945,2.2638,8.1888
2026-09-14T14:12:58,567.4,468.3,30.56,14312,46.08,0.940,1,52.78,5480.989,2.2765,8.2357
2026-09-14T14:13:01,570.6,467.8,30.67,14345,46.08,0.940,1,52.83,5481.033,2.2892,8.2827
2026-09-14T14:13:04,573.8,466.0,31.03,14457,46.52,0.940,1,52.92,5481.077,2.3021,8.3297
2026-09-14T14:13:08,577.5,468.8,30.47,14284,46.12,0.940,1,,,2.3170,8.3297
2026-09-14T14:13:11,580.7,467.2,30.80,14392,46.52,0.940,1,52.82,5481.180,2.3298,8.3767
2026-09-14T14:13:14,583.9,471.5,29.90,14097,46.12,0.940,1,52.71,5481.224,2.3423,8.4235
2026-09-14T14:13:18,587.1,466.5,30.94,14435,46.48,0.940,1,52.68,5481.282,2.3551,8.4703
2026-09-14T14:13:21,590.3,467.2,30.81,14395,46.52,0.940,1,52.74,5481.326,2.3679,8.5171
2026-09-14T14:13:24,593.5,471.2,29.95,14112,46.12,0.940,1,52.79,5481.370,2.3804,8.5640
2026-09-14T14:13:27,596.7,466.2,30.94,14422,46.48,0.940,1,52.79,5481.414,2.3933,8.6109
2026-09-14T14:13:30,599.9,468.7,30.44,14268,46.12,0.940,1,52.69,5481.458,2.4059,8.6577
2026-09-14T14:13:34,603.1,468.2,30.53,14296,46.12,0.940,1,52.63,5481.517,2.4186,8.7045
2026-09-14T14:13:37,606.3,467.8,30.63,14328,46.12,0.940,1,52.56,5481.561,2.4314,8.7512
2026-09-14T14:13:40,609.5,470.3,30.17,14187,46.12,0.940,1,52.54,5481.604,2.4440,8.7978
2026-09-14T14:13:43,612.7,468.6,30.53,14309,46.08,0.940,1,52.53,5481.648,2.4567,8.8445
2026-09-14T14:13:46,615.9,470.9,30.00,14128,46.08,0.940,1,52.59,5481.692,2.4692,8.8912
2026-09-14T14:13:50,619.1,471.3,29.92,14101,46.08,0.940,1,52.65,5481.750,2.4817,8.9380
2026-09-14T14:13:53,622.3,468.6,30.48,14282,46.08,0.940,1,52.72,5481.794,2.4944,8.9848
2026-09-14T14:13:56,625.5,464.0,31.43,14586,46.48,0.940,1,52.77,5481.838,2.5074,9.0317
2026-09-14T14:13:59,628.7,467.3,30.76,14376,46.48,0.940,1,52.84,5481.882,2.5202,9.0786
2026-09-14T14:14:02,631.9,465.9,31.04,14462,46.48,0.940,1,52.88,5481.926,2.5330,9.1256
2026-09-14T14:14:06,635.1,463.7,31.43,14574,46.48,0.940,1,52.92,5481.985,2.5460,9.1726
2026-09-14T14:14:09,638.3,471.8,29.80,14057,45.72,0.940,1,52.91,5482.029,2.5584,9.2196
2026-09-14T14:14:12,641.5,467.9,30.68,14357,46.08,0.940,1,52.76,5482.073,2.5712,9.2665
2026-09-14T14:14:15,644.7,469.2,30.42,14272,46.08,0.940,1,52.50,5482.117,2.5839,9.3131
2026-09-14T14:14:18,647.9,468.7,30.50,14298,46.08,0.940,1,52.32,5482.161,2.5966,9.3596
2026-09-14T14:14:22,651.1,471.9,29.81,14067,45.72,0.940,1,52.38,5482.219,2.6091,9.4061
2026-09-14T14:14:25,654.3,471.5,29.92,14105,46.12,0.940,1,52.49,5482.263,2.6216,9.4528
2026-09-14T14:14:28,657.5,464.3,31.26,14514,46.48,0.940,1,52.48,5482.306,2.6345,9.4994
2026-09-14T14:14:31,660.7,466.6,30.81,14376,46.48,0.940,1,52.40,5482.350,2.6472,9.5457
2026-09-14T14:14:34,663.9,467.3,30.66,14326,46.12,0.940,1,52.30,5482.394,2.6599,9.5922
2026-09-14T14:14:38,667.0,469.8,30.18,14180,46.08,0.940,1,52.37,5482.452,2.6725,9.6387
2026-09-14T14:14:41,670.2,466.0,30.93,14414,46.48,0.940,1,52.46,5482.496,2.6853,9.6853
2026-09-14T14:14:44,673.4,470.5,30.03,14128,46.08,0.940,1,52.53,5482.539,2.6979,9.7320
2026-09-14T14:14:47,676.6,470.9,29.94,14098,46.08,0.940,1,52.51,5482.583,2.7104,9.7786
2026-09-14T14:14:50,679.8,469.7,30.18,14177,46.08,0.940,1,52.53,5482.627,2.7230,9.8253
2026-09-14T14:14:54,683.0,467.9,30.57,14304,46.08,0.940,1,52.69,5482.685,2.7357,9.8721
2026-09-14T14:14:57,686.2,466.6,30.82,14380,46.48,0.940,1,52.85,5482.729,2.7485,9.9190
2026-09-14T14:15:00,689.4,471.0,29.91,14086,45.72,0.940,1,52.90,5482.773,2.7610,9.9660
2026-09-14T14:15:03,692.6,465.8,30.94,14413,46.48,0.940,1,52.71,5482.817,2.7738,10.0128
2026-09-14T14:15:06,695.8,467.7,30.58,14304,46.08,0.940,1,52.48,5482.861,2.7865,10.0595
2026-09-14T14:15:10,699.0,470.9,29.93,14093,46.12,0.940,1,52.25,5482.905,2.7990,10.1059
2026-09-14T14:15:13,702.2,472.8,29.52,13958,45.72,0.940,1,52.21,5482.963,2.8114,10.1523
2026-09-14T14:15:16,705.4,463.4,31.41,14555,46.48,0.940,1,52.25,5483.006,2.8243,10.1987
2026-09-14T14:15:19,708.6,470.9,29.94,14099,46.12,0.940,1,52.30,5483.050,2.8369,10.2451
2026-09-14T14:15:22,711.8,471.1,29.90,14088,46.12,0.940,1,52.32,5483.094,2.8494,10.2916
2026-09-14T14:15:26,715.0,468.5,30.38,14233,46.12,0.940,1,52.37,5483.152,2.8620,10.3381
2026-09-14T14:15:29,718.2,467.7,30.52,14275,46.12,0.940,1,52.46,5483.195,2.8747,10.3847
2026-09-14T14:15:32,721.4,474.2,29.14,13817,45.68,0.940,1,52.51,5483.239,2.8870,10.4314
2026-09-14T14:15:35,724.6,467.2,30.64,14314,46.08,0.940,1,52.42,5483.283,2.8997,10.4780
2026-09-14T14:15:38,727.8,470.2,30.11,14158,46.12,0.940,1,52.32,5483.327,2.9123,10.5244
2026-09-14T14:15:42,731.0,468.0,30.58,14312,46.08,0.940,1,52.18,5483.370,2.9250,10.5708
2026-09-14T14:15:45,734.2,467.4,30.68,14338,46.12,0.940,1,52.23,5483.428,2.9377,10.6172
2026-09-14T14:15:48,737.4,469.0,30.36,14239,46.12,0.940,1,52.29,5483.472,2.9504,10.6636
2026-09-14T14:15:51,740.6,470.4,30.07,14142,46.12,0.940,1,52.42,5483.515,2.9629,10.7102
2026-09-14T14:15:54,743.8,467.0,30.75,14362,46.48,0.940,1,52.49,5483.559,2.9757,10.7568
2026-09-14T14:15:58,747.0,467.1,30.75,14362,46.48,0.940,1,52.54,5483.603,2.9885,10.8035
2026-09-14T14:16:01,750.2,466.0,30.94,14421,46.48,0.940,1,52.55,5483.661,3.0013,10.8502
2026-09-14T14:16:04,753.4,466.5,30.85,14390,46.48,0.940,1,52.54,5483.705,3.0141,10.8968
2026-09-14T14:16:07,756.6,471.6,29.81,14057,45.72,0.940,1,52.57,5483.749,3.0265,10.9435
2026-09-14T14:16:10,759.8,472.9,29.52,13960,45.72,0.940,1,52.64,5483.793,3.0389,10.9903
2026-09-14T14:16:14,763.0,470.4,30.04,14131,46.12,0.940,1,52.70,5483.836,3.0515,11.0371
2026-09-14T14:16:17,766.2,470.6,30.00,14117,46.08,0.940,1,52.71,5483.895,3.0640,11.0839
2026-09-14T14:16:20,769.4,470.8,29.92,14089,46.12,0.940,1,52.60,5483.939,3.0765,11.1306
2026-09-14T14:16:23,772.6,468.3,30.35,14216,46.08,0.940,1,52.36,5483.983,3.0892,11.1772
2026-09-14T14:16:26,775.8,469.7,30.05,14112,46.08,0.940,1,52.21,5484.026,3.1017,11.2235
2026-09-14T14:16:30,779.0,466.9,30.60,14286,46.12,0.940,1,52.17,5484.070,3.1144,11.2699
2026-09-14T14:16:33,782.2,470.5,29.89,14061,46.12,0.940,1,52.20,5484.128,3.1269,11.3163
2026-09-14T14:16:36,785.4,469.5,30.15,14158,46.12,0.940,1,52.23,5484.171,3.1395,11.3627
2026-09-14T14:16:39,788.6,470.2,30.02,14116,46.12,0.940,1,52.27,5484.215,3.1520,11.4091
2026-09-14T14:16:42,791.8,466.9,30.68,14326,46.12,0.940,1,52.26,5484.258,3.1647,11.4555
2026-09-14T14:16:46,795.0,469.2,30.23,14186,46.08,0.940,1,52.27,5484.302,3.1773,11.5019
2026-09-14T14:16:49,798.2,469.8,30.10,14141,46.12,0.940,1,52.27,5484.360,3.1899,11.5484
2026-09-14T14:16:52,801.4,467.2,30.62,14307,46.12,0.940,1,52.29,5484.404,3.2026,11.5948
2026-09-14T14:16:55,804.6,466.8,30.69,14324,46.08,0.940,1,52.21,5484.447,3.2153,11.6412
2026-09-14T14:16:58,807.8,465.0,30.99,14414,46.48,0.940,1,52.13,5484.491,3.2281,11.6875
2026-09-14T14:17:02,811.0,465.4,30.92,14391,46.48,0.940,1,52.11,5484.534,3.2409,11.7338
2026-09-14T14:17:05,814.2,470.7,29.86,14055,45.72,0.940,1,52.16,5484.592,3.2534,11.7802
2026-09-14T14:17:08,817.4,474.0,29.11,13798,45.72,0.940,1,52.19,5484.635,3.2657,11.8265
2026-09-14T14:17:11,820.6,469.2,30.15,14147,46.12,0.940,1,52.22,5484.679,3.2782,11.8729
2026-09-14T14:17:14,823.8,469.6,30.06,14115,46.12,0.940,1,52.21,5484.722,3.2908,11.9193
2026-09-14T14:17:18,826.9,470.6,29.86,14053,45.72,0.940,1,52.27,5484.766,3.3032,11.9657
2026-09-14T14:17:21,830.1,467.7,30.37,14205,46.08,0.940,1,52.39,5484.824,3.3159,12.0123
2026-09-14T14:17:24,833.3,467.1,30.49,14241,46.08,0.940,1,52.47,5484.868,3.3285,12.0589
2026-09-14T14:17:27,836.5,470.5,29.79,14014,45.72,0.940,1,52.41,5484.911,3.3410,12.1054
2026-09-14T14:17:30,839.7,470.1,29.84,14027,45.72,0.940,1,52.27,5484.955,3.3534,12.1519
2026-09-14T14:17:34,842.9,471.3,29.66,13977,45.72,0.940,1,52.11,5484.999,3.3658,12.1981
2026-09-14T14:17:37,846.1,468.9,30.14,14133,46.12,0.940,1,52.12,5485.056,3.3784,12.2444
2026-09-14T14:17:40,849.3,473.2,29.16,13799,45.28,0.940,1,52.19,5485.100,3.3907,12.2908
2026-09-14T14:17:43,852.5,469.6,30.00,14089,46.08,0.940,1,52.26,5485.143,3.4031,12.3370
2026-09-14T14:17:46,855.7,466.8,30.57,14270,46.08,0.940,1,52.24,5485.187,3.4158,12.3834
2026-09-14T14:17:49,858.9,466.4,30.66,14300,46.12,0.940,1,52.19,5485.231,3.4285,12.4298
2026-09-14T14:17:53,862.1,470.3,29.89,14056,45.72,0.940,1,52.17,5485.289,3.4410,12.4761
2026-09-14T14:17:56,865.3,468.7,30.22,14165,46.08,0.940,1,52.17,5485.332,3.4536,12.5224
2026-09-14T14:17:59,868.5,471.1,29.73,14004,45.72,0.940,1,52.23,5485.375,3.4660,12.5688
2026-09-14T14:18:02,871.7,470.5,29.83,14036,45.72,0.940,1,52.30,5485.419,3.4785,12.6153
2026-09-14T14:18:05,874.9,465.9,30.74,14320,46.08,0.940,1,52.35,5485.463,3.4912,12.6618
2026-09-14T14:18:09,878.1,470.9,29.73,14002,45.68,0.940,1,52.37,5485.521,3.5036,12.7083
2026-09-14T14:18:12,881.3,476.3,28.50,13571,45.28,0.940,1,52.36,5485.564,3.5157,12.7548
2026-09-14T14:18:15,884.5,465.9,30.71,14308,46.08,0.940,1,52.27,5485.608,3.5284,12.8013
2026-09-14T14:18:18,887.7,465.8,30.73,14313,46.08,0.940,1,52.28,5485.652,3.5411,12.8477
2026-09-14T14:18:21,890.9,472.0,29.39,13872,45.72,0.940,1,52.26,5485.695,3.5534,12.8942
2026-09-14T14:18:25,894.1,470.3,29.76,13997,45.72,0.940,1,52.28,5485.753,3.5659,12.9406
2026-09-14T14:18:28,897.3,469.4,29.93,14049,46.08,0.940,1,52.15,5485.797,3.5783,12.9869
2026-09-14T14:18:31,900.5,468.3,30.23,14156,46.08,0.940,1,51.97,5485.840,3.5909,13.0331
2026-09-14T14:18:34,903.7,468.8,30.11,14118,46.12,0.940,1,51.90,5485.883,3.6035,13.0792
2026-09-14T14:18:37,906.9,469.0,30.07,14104,46.08,0.940,1,51.92,5485.927,3.6160,13.1253
2026-09-14T14:18:41,910.1,469.6,29.95,14064,45.68,0.940,1,52.07,5485.984,3.6285,13.1716
2026-09-14T14:18:44,913.3,472.2,29.39,13876,45.68,0.940,1,52.13,5486.028,3.6408,13.2179
2026-09-14T14:18:47,916.5,468.7,30.11,14113,46.08,0.940,1,52.18,5486.071,3.6533,13.2642
2026-09-14T14:18:50,919.7,473.5,29.08,13771,45.32,0.940,1,52.22,5486.115,3.6656,13.3106
2026-09-14T14:18:53,922.9,467.8,30.28,14167,46.08,0.940,1,52.17,5486.158,3.6782,13.3570
2026-09-14T14:18:57,926.1,468.4,30.15,14124,46.08,0.940,1,52.07,5486.216,3.6907,13.4032
2026-09-14T14:19:00,929.3,466.4,30.17,14074,46.08,0.940,1,51.93,5486.260,3.7032,13.4494
2026-09-14T14:19:03,932.5,473.0,29.17,13795,45.72,0.940,1,51.99,5486.303,3.7155,13.4956
2026-09-14T14:19:06,935.7,470.8,29.63,13951,45.68,0.940,1,52.14,5486.346,3.7279,13.5419
2026-09-14T14:19:09,938.9,472.1,29.33,13847,45.72,0.940,1,52.28,5486.390,3.7402,13.5883
2026-09-14T14:19:13,942.1,468.6,30.05,14080,46.08,0.940,1,52.35,5486.448,3.7527,13.6348
2026-09-14T14:19:16,945.3,472.5,29.21,13801,45.72,0.940,1,52.34,5486.491,3.7649,13.6813
2026-09-14T14:19:19,948.5,470.9,29.44,13861,45.68,0.940,1,52.37,5486.535,3.7772,13.7278
2026-09-14T14:19:22,951.7,467.6,30.09,14070,46.08,0.940,1,52.27,5486.579,3.7897,13.7743
2026-09-14T14:19:25,954.9,468.5,29.89,14007,45.72,0.940,1,52.16,5486.622,3.8022,13.8206
2026-09-14T14:19:29,958.0,466.5,30.36,14161,46.08,0.940,1,51.98,5486.680,3.8148,13.8668
2026-09-14T14:19:32,961.2,467.2,30.21,14113,46.08,0.940,1,51.92,5486.723,3.8273,13.9129
2026-09-14T14:19:35,964.4,468.6,29.91,14016,45.72,0.940,1,51.93,5486.767,3.8398,13.9590
2026-09-14T14:19:38,967.6,471.7,29.26,13803,45.68,0.940,1,51.95,5486.810,3.8520,14.0052
2026-09-14T14:19:41,970.8,469.5,29.71,13950,45.72,0.940,1,51.88,5486.853,3.8644,14.0513
2026-09-14T14:19:45,974.0,468.9,29.83,13988,45.68,0.940,1,51.76,5486.911,3.8768,14.0972
2026-09-14T14:19:48,977.2,472.5,29.08,13741,45.32,0.940,1,51.65,5486.954,3.8890,14.1431
2026-09-14T14:19:51,980.4,471.8,29.22,13784,45.32,0.940,1,51.63,5486.997,3.9013,14.1890
2026-09-14T14:19:54,983.6,473.0,28.93,13687,45.32,0.940,1,51.64,5487.040,3.9134,14.2349
2026-09-14T14:19:57,986.8,467.2,30.13,14077,46.12,0.940,1,51.65,5487.083,3.9259,14.2807
2026-09-14T14:20:01,990.0,467.7,30.02,14041,46.08,0.940,1,51.69,5487.126,3.9384,14.3267
2026-09-14T14:20:04,993.2,473.2,28.88,13665,45.32,0.940,1,51.71,5487.183,3.9506,14.3726
2026-09-14T14:20:07,996.4,470.9,29.37,13830,45.68,0.940,1,51.67,5487.227,3.9628,14.4185
2026-09-14T14:20:10,999.6,468.2,29.92,14009,45.68,0.940,1,51.57,5487.270,3.9753,14.4643
2026-09-14T14:20:13,1002.8,467.7,30.02,14041,46.08,0.940,1,51.50,5487.312,3.9878,14.5101
2026-09-14T14:20:17,1006.0,469.9,29.48,13854,45.68,0.940,1,51.53,5487.370,4.0001,14.5558
2026-09-14T14:20:20,1009.2,470.5,29.36,13814,45.68,0.940,1,51.59,5487.413,4.0123,14.6016
2026-09-14T14:20:23,1012.4,471.4,29.19,13758,45.68,0.940,1,51.66,5487.456,4.0246,14.6475
2026-09-14T14:20:26,1015.6,469.3,29.70,13939,45.72,0.940,1,51.77,5487.499,4.0369,14.6935
2026-09-14T14:20:29,1018.8,466.3,30.29,14122,46.08,0.940,1,51.92,5487.542,4.0495,14.7397
2026-09-14T14:20:33,1022.0,468.5,29.89,14003,45.68,0.940,1,51.98,5487.585,4.0619,14.7858
2026-09-14T14:20:36,1025.2,467.9,30.01,14038,45.72,0.940,1,51.93,5487.643,4.0744,14.8320
2026-09-14T14:20:39,1028.4,469.7,29.66,13930,45.72,0.940,1,51.86,5487.686,4.0868,14.8780
2026-09-14T14:20:42,1031.6,469.0,29.81,13977,45.72,0.940,1,51.75,5487.729,4.0992,14.9240
2026-09-14T14:20:45,1034.8,467.4,30.10,14071,46.08,0.940,1,51.64,5487.773,4.1117,14.9699
2026-09-14T14:20:49,1038.0,467.8,30.01,14038,45.72,0.940,1,51.68,5487.830,4.1242,15.0158
2026-09-14T14:20:52,1041.2,476.2,28.16,13410,44.92,0.940,1,51.78,5487.873,4.1361,15.0618
2026-09-14T14:20:55,1044.4,468.0,29.91,13998,45.72,0.940,1,51.77,5487.916,4.1485,15.1078
2026-09-14T14:20:58,1047.6,467.6,29.94,14000,45.68,0.940,1,51.74,5487.959,4.1609,15.1537
2026-09-14T14:21:01,1050.8,473.1,28.75,13601,45.32,0.940,1,51.79,5488.002,4.1730,15.1997
2026-09-14T14:21:05,1054.0,467.9,29.81,13950,45.68,0.940,1,51.88,5488.046,4.1854,15.2458
2026-09-14T14:21:08,1057.2,471.2,29.11,13715,45.32,0.940,1,51.87,5488.103,4.1976,15.2919
2026-09-14T14:21:11,1060.4,466.1,30.07,14014,45.68,0.940,1,51.73,5488.146,4.2100,15.3379
2026-09-14T14:21:14,1063.6,471.3,28.93,13637,45.32,0.940,1,51.68,5488.190,4.2222,15.3838
2026-09-14T14:21:17,1066.8,468.7,29.41,13787,45.68,0.940,1,51.70,5488.233,4.2344,15.4297
2026-09-14T14:21:21,1070.0,469.7,29.21,13720,45.28,0.940,1,51.68,5488.276,4.2466,15.4756
2026-09-14T14:21:24,1073.2,469.0,29.33,13754,45.68,0.940,1,51.52,5488.333,4.2588,15.5214
2026-09-14T14:21:27,1076.4,468.0,29.59,13848,45.68,0.940,1,51.39,5488.376,4.2711,15.5670
2026-09-14T14:21:30,1079.6,470.4,29.11,13693,45.28,0.940,1,51.38,5488.419,4.2833,15.6127
2026-09-14T14:21:33,1082.8,469.7,29.25,13738,45.32,0.940,1,51.45,5488.462,4.2955,15.6584
2026-09-14T14:21:37,1086.0,466.9,29.80,13914,45.72,0.940,1,51.35,5488.504,4.3078,15.7040
2026-09-14T14:21:40,1089.2,470.3,29.11,13688,45.32,0.940,1,51.22,5488.561,4.3200,15.7495
2026-09-14T14:21:43,1092.4,465.3,30.07,13989,45.68,0.940,1,51.18,5488.604,4.3324,15.7950
2026-09-14T14:21:46,1095.6,469.1,29.32,13754,45.68,0.940,1,51.22,5488.647,4.3447,15.8405
2026-09-14T14:21:49,1098.8,467.7,29.58,13834,45.68,0.940,1,51.20,5488.689,4.3569,15.8859
2026-09-14T14:21:53,1102.0,463.2,30.37,14067,46.08,0.940,1,51.14,5488.732,4.3694,15.9314
2026-09-14T14:21:56,1105.2,468.5,29.40,13775,45.72,0.940,1,51.11,5488.789,4.3817,15.9768
2026-09-14T14:21:59,1108.3,472.9,28.49,13475,45.32,0.940,1,51.12,5488.831,4.3936,16.0220
2026-09-14T14:22:02,1111.5,471.7,28.76,13567,45.28,0.940,1,51.15,5488.874,4.4056,16.0674
2026-09-14T14:22:05,1114.7,472.1,28.64,13522,45.32,0.940,1,51.21,5488.917,4.4177,16.1129
2026-09-14T14:22:09,1117.9,463.9,30.24,14029,46.08,0.940,1,51.23,5488.959,4.4301,16.1584
2026-09-14T14:22:12,1121.1,466.7,29.63,13828,45.68,0.940,1,51.21,5489.016,4.4425,16.2041
2026-09-14T14:22:15,1124.3,465.6,29.86,13903,45.68,0.940,1,51.13,5489.059,4.4548,16.2495
2026-09-14T14:22:18,1127.5,469.1,29.17,13682,45.32,0.940,1,51.13,5489.102,4.4670,16.2950
2026-09-14T14:22:21,1130.7,468.3,29.33,13735,45.72,0.940,1,51.23,5489.144,4.4792,16.3405
2026-09-14T14:22:25,1133.9,465.7,29.90,13927,45.68,0.940,1,51.34,5489.187,4.4915,16.3861
2026-09-14T14:22:28,1137.1,469.6,29.16,13694,45.28,0.940,1,51.42,5489.244,4.5037,16.4317
2026-09-14T14:22:31,1140.3,469.0,29.28,13732,45.32,0.940,1,51.45,5489.287,4.5159,16.4774
2026-09-14T14:22:34,1143.5,472.7,28.52,13482,45.28,0.940,1,51.54,5489.330,4.5279,16.5232
2026-09-14T14:22:37,1146.7,467.5,29.59,13834,45.68,0.940,1,51.53,5489.373,4.5402,16.5690
2026-09-14T14:22:40,1149.9,469.6,29.19,13706,45.28,0.940,1,51.50,5489.416,4.5523,16.6148
2026-09-14T14:22:44,1153.1,473.2,28.42,13449,44.92,0.940,1,51.37,5489.473,4.5643,16.6604
2026-09-14T14:22:47,1156.3,467.5,29.60,13839,45.68,0.940,1,51.38,5489.516,4.5766,16.7060
2026-09-14T14:22:50,1159.5,470.1,29.10,13680,45.32,0.940,1,51.45,5489.558,4.5887,16.7517
2026-09-14T14:22:53,1162.7,469.6,29.19,13711,45.32,0.940,1,51.52,5489.601,4.6009,16.7975
2026-09-14T14:22:56,1165.9,472.8,28.54,13492,45.32,0.940,1,51.46,5489.644,4.6129,16.8432
2026-09-14T14:23:00,1169.1,471.7,28.78,13572,45.32,0.940,1,51.31,5489.701,4.6250,16.8888
2026-09-14T14:23:03,1172.3,465.6,29.96,13952,45.68,0.940,1,51.15,5489.744,4.6373,16.9343
2026-09-14T14:23:06,1175.5,468.8,29.38,13771,45.68,0.940,1,51.18,5489.787,4.6496,16.9797
2026-09-14T14:23:09,1178.7,469.4,29.27,13739,45.28,0.940,1,51.36,5489.829,4.6618,17.0253
2026-09-14T14:23:12,1181.9,471.7,28.71,13543,45.28,0.940,1,51.59,5489.872,4.6738,17.0712
2026-09-14T14:23:16,1185.1,469.7,29.15,13692,45.28,0.940,1,51.62,5489.930,4.6860,17.1170
2026-09-14T14:23:19,1188.3,468.9,29.29,13734,45.68,0.940,1,51.53,5489.973,4.6982,17.1628
2026-09-14T14:23:22,1191.5,467.6,29.61,13846,45.68,0.940,1,51.43,5490.016,4.7105,17.2085
2026-09-14T14:23:25,1194.7,470.2,29.10,13683,45.28,0.940,1,51.44,5490.058,4.7226,17.2542
2026-09-14T14:23:28,1197.9,468.6,29.41,13780,45.72,0.940,1,51.44,5490.101,4.7349,17.2999
2026-09-14T14:23:32,1201.1,472.9,28.52,13486,45.28,0.940,1,51.45,5490.158,4.7469,17.3456
2026-09-14T14:23:35,1204.3,467.6,29.57,13826,45.72,0.940,1,51.35,5490.201,4.7591,17.3912
2026-09-14T14:23:38,1207.5,468.3,29.43,13784,45.72,0.940,1,51.23,5490.244,4.7714,17.4367
2026-09-14T14:23:41,1210.7,473.3,28.41,13445,44.92,0.940,1,51.14,5490.287,4.7833,17.4821
2026-09-14T14:23:44,1213.9,467.3,29.62,13841,45.68,0.940,1,51.15,5490.329,4.7956,17.5276
2026-09-14T14:23:48,1217.1,478.2,27.23,13023,44.52,0.940,1,51.14,5490.386,4.8072,17.5730
2026-09-14T14:23:51,1220.3,469.5,29.19,13703,45.28,0.940,1,51.07,5490.429,4.8194,17.6184
2026-09-14T14:23:54,1223.5,469.1,29.25,13724,45.28,0.940,1,51.06,5490.471,4.8316,17.6637
2026-09-14T14:23:57,1226.7,470.4,29.01,13646,45.28,0.940,1,51.11,5490.514,4.8437,17.7091
2026-09-14T14:24:00,1229.9,469.7,29.13,13686,45.32,0.940,1,51.24,5490.556,4.8558,17.7547
2026-09-14T14:24:04,1233.1,472.5,28.57,13500,45.32,0.940,1,51.29,5490.613,4.8678,17.8002
2026-09-14T14:24:07,1236.3,464.3,30.14,13993,45.68,0.940,1,51.40,5490.656,4.8803,17.8459
2026-09-14T14:24:10,1239.5,473.5,28.26,13381,44.92,0.940,1,51.47,5490.699,4.8921,17.8916
2026-09-14T14:24:13,1242.7,473.5,28.27,13386,44.92,0.940,1,51.49,5490.742,4.9040,17.9373
2026-09-14T14:24:16,1245.9,468.1,29.34,13734,45.72,0.940,1,51.37,5490.785,4.9162,17.9830
2026-09-14T14:24:20,1249.1,465.6,29.90,13920,45.68,0.940,1,51.28,5490.828,4.9286,18.0285
2026-09-14T14:24:23,1252.3,467.2,29.59,13823,45.68,0.940,1,51.26,5490.885,4.9409,18.0741
2026-09-14T14:24:26,1255.5,469.2,29.22,13711,45.28,0.940,1,51.29,5490.927,4.9531,18.1196
2026-09-14T14:24:30,1259.2,468.9,29.27,13724,45.32,0.940,1,,,4.9674,18.1196
2026-09-14T14:24:33,1262.4,470.2,29.00,13637,45.28,0.940,1,51.08,5491.027,4.9795,18.1650
2026-09-14T14:24:36,1265.6,467.7,29.48,13788,45.68,0.940,1,51.05,5491.069,4.9917,18.2104
2026-09-14T14:24:39,1268.8,468.4,29.35,13750,45.68,0.940,1,51.12,5491.112,5.0040,18.2558
2026-09-14T14:24:43,1272.0,468.4,29.37,13755,45.68,0.940,1,51.13,5491.169,5.0162,18.3012
2026-09-14T14:24:46,1275.2,477.0,27.50,13118,44.52,0.940,1,51.11,5491.211,5.0278,18.3466
2026-09-14T14:24:49,1278.4,469.2,29.20,13700,45.28,0.940,1,51.04,5491.254,5.0400,18.3919
2026-09-14T14:24:52,1281.6,468.6,29.34,13745,45.68,0.940,1,51.11,5491.296,5.0522,18.4373
2026-09-14T14:24:55,1284.8,465.5,29.90,13919,45.68,0.940,1,51.19,5491.339,5.0646,18.4828
2026-09-14T14:24:59,1288.0,469.6,29.14,13683,45.28,0.940,1,51.26,5491.382,5.0767,18.5283
2026-09-14T14:25:02,1291.2,472.1,28.61,13507,45.32,0.940,1,51.18,5491.439,5.0887,18.5738
2026-09-14T14:25:05,1294.4,468.5,29.32,13736,45.28,0.940,1,51.17,5491.481,5.1009,18.6193
2026-09-14T14:25:08,1297.6,465.0,29.89,13899,45.68,0.940,1,51.19,5491.524,5.1133,18.6647
2026-09-14T14:25:11,1300.8,471.3,28.65,13502,45.28,0.940,1,51.31,5491.567,5.1253,18.7103
2026-09-14T14:25:15,1304.0,472.3,28.44,13434,44.92,0.940,1,51.32,5491.609,5.1372,18.7559
2026-09-14T14:25:18,1307.2,471.9,28.53,13464,45.32,0.940,1,51.32,5491.667,5.1492,18.8015
2026-09-14T14:25:21,1310.4,467.0,29.56,13803,45.68,0.940,1,51.20,5491.709,5.1614,18.8470
2026-09-14T14:25:24,1313.6,468.9,29.22,13698,45.28,0.940,1,51.08,5491.752,5.1736,18.8924
2026-09-14T14:25:27,1316.8,468.0,29.39,13754,45.68,0.940,1,50.95,5491.794,5.1858,18.9376
2026-09-14T14:25:31,1320.0,470.8,28.81,13566,45.28,0.940,1,50.81,5491.837,5.1979,18.9828
2026-09-14T14:25:34,1323.2,469.3,29.14,13674,45.28,0.940,1,50.76,5491.893,5.2100,19.0278
2026-09-14T14:25:37,1326.4,471.8,28.61,13497,45.32,0.940,1,50.83,5491.936,5.2220,19.0730
2026-09-14T14:25:40,1329.6,472.2,28.53,13474,45.32,0.940,1,50.99,5491.978,5.2340,19.1183
2026-09-14T14:25:43,1332.8,469.7,29.05,13643,45.28,0.940,1,51.03,5492.020,5.2461,19.1636
2026-09-14T14:25:47,1336.0,468.8,29.20,13692,45.32,0.940,1,51.10,5492.063,5.2583,19.2090
2026-09-14T14:25:50,1339.2,468.5,29.27,13711,45.32,0.940,1,51.21,5492.120,5.2704,19.2545
2026-09-14T14:25:53,1342.4,474.2,28.07,13313,44.92,0.940,1,51.19,5492.163,5.2823,19.3000
2026-09-14T14:25:56,1345.6,469.3,29.12,13663,45.28,0.940,1,51.04,5492.205,5.2944,19.3453
2026-09-14T14:25:59,1348.8,468.8,29.21,13695,45.28,0.940,1,50.85,5492.248,5.3066,19.3905
2026-09-14T14:26:03,1352.0,472.2,28.52,13469,44.92,0.940,1,50.77,5492.290,5.3185,19.4356
2026-09-14T14:26:06,1355.2,470.0,28.87,13569,45.28,0.940,1,50.78,5492.346,5.3306,19.4807
2026-09-14T14:26:09,1358.4,472.7,28.33,13389,44.92,0.940,1,50.84,5492.389,5.3425,19.5259
2026-09-14T14:26:12,1361.6,474.8,27.86,13228,44.88,0.940,1,50.96,5492.431,5.3542,19.5712
2026-09-14T14:26:15,1364.8,471.5,28.56,13464,45.28,0.940,1,51.01,5492.474,5.3662,19.6165
2026-09-14T14:26:19,1368.0,466.4,29.61,13809,45.68,0.940,1,51.08,5492.516,5.3785,19.6618
2026-09-14T14:26:22,1371.1,472.5,28.41,13423,44.88,0.940,1,51.04,5492.573,5.3904,19.7072
2026-09-14T14:26:25,1374.3,471.4,28.63,13498,45.28,0.940,1,50.91,5492.615,5.4024,19.7524
2026-09-14T14:26:28,1377.5,469.5,29.02,13624,45.28,0.940,1,50.82,5492.658,5.4145,19.7975
2026-09-14T14:26:31,1380.7,468.9,29.14,13662,45.32,0.940,1,50.85,5492.700,5.4266,19.8427
2026-09-14T14:26:35,1383.9,467.3,29.44,13755,45.68,0.940,1,51.04,5492.742,5.4388,19.8881
2026-09-14T14:26:38,1387.1,467.9,29.32,13718,45.28,0.940,1,51.13,5492.799,5.4510,19.9335
2026-09-14T14:26:41,1390.3,473.1,28.26,13371,44.92,0.940,1,51.18,5492.842,5.4629,19.9789
2026-09-14T14:26:44,1393.6,472.4,28.41,13422,44.92,0.940,1,51.07,5492.884,5.4749,20.0245
2026-09-14T14:26:47,1396.7,471.4,28.62,13490,45.32,0.940,1,50.91,5492.927,5.4869,20.0698
2026-09-14T14:26:51,1399.9,475.4,27.76,13195,44.92,0.940,1,50.79,5492.969,5.4986,20.1149
2026-09-14T14:26:54,1403.1,469.1,29.08,13644,45.28,0.940,1,50.74,5493.026,5.5107,20.1600
2026-09-14T14:26:57,1406.3,474.7,27.90,13246,44.88,0.940,1,50.75,5493.068,5.5225,20.2050
2026-09-14T14:27:00,1409.5,471.5,28.58,13478,45.32,0.940,1,50.71,5493.110,5.5344,20.2501
2026-09-14T14:27:04,1413.3,469.1,29.00,13604,45.28,0.940,1,,,5.5486,20.2501
2026-09-14T14:27:07,1416.5,468.1,29.17,13655,45.32,0.940,1,50.65,5493.209,5.5607,20.2950
2026-09-14T14:27:10,1419.7,471.1,28.58,13464,45.28,0.940,1,50.73,5493.251,5.5727,20.3401
2026-09-14T14:27:13,1422.9,467.0,29.34,13705,45.32,0.940,1,50.69,5493.293,5.5848,20.3851
2026-09-14T14:27:17,1426.1,472.6,28.30,13376,44.92,0.940,1,50.67,5493.336,5.5967,20.4301
2026-09-14T14:27:20,1429.3,471.9,28.44,13423,44.88,0.940,1,50.69,5493.392,5.6086,20.4751
2026-09-14T14:27:23,1432.5,467.3,29.33,13707,45.32,0.940,1,50.82,5493.434,5.6208,20.5203
2026-09-14T14:27:26,1435.7,469.7,28.88,13564,45.28,0.940,1,50.93,5493.477,5.6329,20.5655
2026-09-14T14:27:29,1438.9,472.3,28.33,13379,44.92,0.940,1,51.09,5493.519,5.6448,20.6109
2026-09-14T14:27:33,1442.1,474.1,27.92,13237,44.92,0.940,1,51.21,5493.576,5.6565,20.6564
2026-09-14T14:27:36,1445.3,471.1,28.56,13456,45.28,0.940,1,51.15,5493.619,5.6685,20.7018
2026-09-14T14:27:39,1448.5,468.2,29.13,13637,45.32,0.940,1,51.05,5493.661,5.6806,20.7472
2026-09-14T14:27:42,1451.7,471.9,28.39,13395,44.88,0.940,1,51.01,5493.704,5.6925,20.7925
2026-09-14T14:27:45,1454.9,471.3,28.49,13425,44.92,0.940,1,51.08,5493.746,5.7044,20.8379
2026-09-14T14:27:49,1458.1,474.4,27.81,13194,44.92,0.940,1,51.06,5493.803,5.7161,20.8832
2026-09-14T14:27:52,1461.3,468.0,29.12,13629,45.28,0.940,1,51.04,5493.845,5.7282,20.9286
2026-09-14T14:27:55,1464.5,471.5,28.42,13399,44.88,0.940,1,51.07,5493.888,5.7401,20.9739
2026-09-14T14:27:58,1467.6,466.5,29.37,13699,45.28,0.940,1,51.07,5493.931,5.7523,21.0193
2026-09-14T14:28:01,1470.8,467.7,29.06,13591,45.28,0.940,1,51.05,5493.973,5.7644,21.0646
2026-09-14T14:28:05,1474.0,472.6,28.05,13258,44.92,0.940,1,51.00,5494.016,5.7762,21.1099
2026-09-14T14:28:08,1477.2,470.1,28.59,13442,45.28,0.940,1,51.02,5494.072,5.7881,21.1552
2026-09-14T14:28:11,1480.4,470.1,28.58,13438,44.92,0.940,1,50.95,5494.115,5.8000,21.2005
2026-09-14T14:28:14,1483.6,471.6,28.34,13364,44.92,0.940,1,50.95,5494.157,5.8119,21.2458
2026-09-14T14:28:17,1486.8,473.2,27.98,13242,44.92,0.940,1,51.03,5494.200,5.8237,21.2911
2026-09-14T14:28:21,1490.0,470.7,28.52,13427,44.92,0.940,1,51.10,5494.242,5.8356,21.3365
2026-09-14T14:28:24,1493.2,474.1,27.79,13176,44.48,0.940,1,51.06,5494.299,5.8473,21.3819
2026-09-14T14:28:27,1496.4,471.5,28.35,13368,44.92,0.940,1,50.88,5494.342,5.8592,21.4271
2026-09-14T14:28:30,1499.6,471.1,28.45,13400,44.92,0.940,1,50.80,5494.384,5.8711,21.4724
2026-09-14T14:28:33,1502.8,470.0,28.63,13455,45.28,0.940,1,50.83,5494.426,5.8831,21.5176
2026-09-14T14:28:37,1506.0,472.5,28.11,13280,44.92,0.940,1,50.90,5494.483,5.8949,21.5628
2026-09-14T14:28:40,1509.2,471.0,28.42,13388,44.92,0.940,1,50.87,5494.525,5.9068,21.6080
2026-09-14T14:28:43,1512.4,470.7,28.47,13401,44.92,0.940,1,50.81,5494.568,5.9187,21.6531
2026-09-14T14:28:46,1515.6,473.7,27.83,13183,44.92,0.940,1,50.93,5494.610,5.9304,21.6983
2026-09-14T14:28:49,1518.8,472.5,28.07,13263,44.92,0.940,1,50.98,5494.652,5.9422,21.7436
2026-09-14T14:28:53,1522.0,476.0,27.26,12977,44.52,0.940,1,51.00,5494.695,5.9537,21.7889
2026-09-14T14:28:56,1525.2,469.3,28.70,13470,45.32,0.940,1,50.84,5494.751,5.9657,21.8341
2026-09-14T14:28:59,1528.4,469.7,28.61,13438,45.32,0.940,1,50.85,5494.794,5.9776,21.8793
2026-09-14T14:29:02,1531.6,471.8,28.07,13244,44.88,0.940,1,50.82,5494.836,5.9894,21.9244
2026-09-14T14:29:05,1534.8,469.8,28.47,13373,44.92,0.940,1,50.77,5494.879,6.0013,21.9695
2026-09-14T14:29:09,1538.0,464.9,29.36,13650,45.28,0.940,1,50.70,5494.921,6.0134,22.0146
2026-09-14T14:29:12,1541.2,466.2,29.21,13616,45.28,0.940,1,50.62,5494.977,6.0255,22.0595
2026-09-14T14:29:15,1544.4,469.9,28.48,13381,44.88,0.940,1,50.57,5495.019,6.0374,22.1045
2026-09-14T14:29:18,1547.6,468.3,28.76,13469,45.28,0.940,1,50.48,5495.061,6.0493,22.1493
2026-09-14T14:29:21,1550.8,472.3,27.92,13189,44.88,0.940,1,50.39,5495.103,6.0611,22.1941
2026-09-14T14:29:25,1554.0,467.1,28.94,13519,45.32,0.940,1,50.35,5495.145,6.0731,22.2388
2026-09-14T14:29:28,1557.2,471.5,28.05,13227,44.92,0.940,1,50.40,5495.201,6.0848,22.2836
2026-09-14T14:29:31,1560.4,472.6,27.79,13135,44.52,0.940,1,50.51,5495.243,6.0965,22.3284
2026-09-14T14:29:34,1563.6,466.6,29.00,13531,45.28,0.940,1,50.55,5495.286,6.1085,22.3734
2026-09-14T14:29:37,1566.8,462.1,29.75,13748,45.68,0.940,1,50.53,5495.328,6.1207,22.4182
2026-09-14T14:29:41,1570.0,468.7,28.56,13386,44.88,0.940,1,50.60,5495.370,6.1326,22.4632
2026-09-14T14:29:44,1573.2,467.6,28.73,13436,45.28,0.940,1,50.71,5495.426,6.1445,22.5082
2026-09-14T14:29:47,1576.4,470.2,28.21,13263,44.88,0.940,1,50.77,5495.468,6.1563,22.5533
2026-09-14T14:29:50,1579.6,463.6,29.41,13638,45.28,0.940,1,50.57,5495.511,6.1684,22.5983
2026-09-14T14:29:53,1582.8,471.8,27.83,13129,44.52,0.940,1,50.39,5495.553,6.1801,22.6430
2026-09-14T14:29:57,1586.0,467.0,28.77,13435,44.88,0.940,1,50.33,5495.595,6.1920,22.6877
2026-09-14T14:30:00,1589.2,469.4,28.18,13228,44.88,0.940,1,50.41,5495.651,6.2038,22.7325
2026-09-14T14:30:03,1592.4,469.8,28.08,13195,44.88,0.940,1,50.44,5495.693,6.2155,22.7773
2026-09-14T14:30:06,1595.6,466.3,28.75,13407,45.32,0.940,1,50.47,5495.735,6.2274,22.8221
2026-09-14T14:30:09,1598.8,468.2,28.45,13321,44.92,0.940,1,50.52,5495.777,6.2393,22.8670
2026-09-14T14:30:13,1602.0,471.6,27.74,13082,44.52,0.940,1,50.60,5495.819,6.2509,22.9120
2026-09-14T14:30:16,1605.2,469.8,28.08,13191,44.92,0.940,1,50.61,5495.875,6.2626,22.9569
2026-09-14T14:30:19,1608.4,466.0,28.82,13428,45.32,0.940,1,50.58,5495.917,6.2745,23.0019
2026-09-14T14:30:22,1611.6,468.9,28.23,13239,44.88,0.940,1,50.43,5495.959,6.2863,23.0467
2026-09-14T14:30:25,1614.8,467.2,28.57,13349,44.88,0.940,1,50.29,5496.001,6.2981,23.0913
2026-09-14T14:30:29,1618.0,470.5,27.90,13125,44.52,0.940,1,50.22,5496.043,6.3098,23.1360
2026-09-14T14:30:32,1621.2,470.1,27.96,13144,44.92,0.940,1,50.30,5496.099,6.3215,23.1806
2026-09-14T14:30:35,1624.4,474.6,26.96,12796,44.12,0.940,1,50.38,5496.141,6.3328,23.2254
2026-09-14T14:30:38,1627.6,466.8,28.62,13359,44.88,0.940,1,50.38,5496.183,6.3447,23.2702
2026-09-14T14:30:41,1630.8,465.5,28.83,13419,45.28,0.940,1,50.36,5496.225,6.3566,23.3149
2026-09-14T14:30:45,1634.0,472.0,27.50,12981,44.52,0.940,1,50.33,5496.267,6.3682,23.3596
2026-09-14T14:30:48,1637.2,468.7,28.19,13214,44.92,0.940,1,50.20,5496.323,6.3799,23.4042
2026-09-14T14:30:51,1640.4,470.2,27.89,13112,44.52,0.940,1,50.08,5496.365,6.3915,23.4487
2026-09-14T14:30:54,1643.6,465.6,28.80,13406,45.28,0.940,1,50.01,5496.406,6.4035,23.4931
2026-09-14T14:30:57,1646.8,470.6,27.70,13037,44.52,0.940,1,50.14,5496.448,6.4150,23.5376
2026-09-14T14:31:01,1649.9,470.2,27.81,13073,44.52,0.940,1,50.29,5496.490,6.4266,23.5823
2026-09-14T14:31:04,1653.1,469.5,27.92,13107,44.52,0.940,1,50.35,5496.546,6.4383,23.6270
2026-09-14T14:31:07,1656.3,465.0,28.77,13379,45.28,0.940,1,50.19,5496.588,6.4502,23.6716
2026-09-14T14:31:10,1659.5,468.4,28.22,13218,44.92,0.940,1,50.03,5496.629,6.4619,23.7160
2026-09-14T14:31:13,1662.7,470.1,27.85,13095,44.48,0.940,1,49.98,5496.671,6.4736,23.7605
2026-09-14T14:31:17,1665.9,469.2,28.05,13163,44.88,0.940,1,50.00,5496.713,6.4852,23.8049
2026-09-14T14:31:20,1669.1,467.7,28.33,13250,44.92,0.940,1,50.07,5496.768,6.4970,23.8494
2026-09-14T14:31:23,1672.3,470.4,27.80,13077,44.48,0.940,1,50.10,5496.810,6.5086,23.8938
2026-09-14T14:31:26,1675.5,465.8,28.72,13377,44.92,0.940,1,50.18,5496.852,6.5205,23.9384
2026-09-14T14:31:29,1678.7,465.6,28.77,13393,44.88,0.940,1,50.17,5496.894,6.5324,23.9830
2026-09-14T14:31:32,1681.9,470.7,27.75,13063,44.52,0.940,1,50.05,5496.935,6.5440,24.0275
2026-09-14T14:31:36,1685.1,464.5,28.94,13445,45.28,0.940,1,49.91,5496.977,6.5560,24.0718
2026-09-14T14:31:39,1688.3,469.1,28.09,13176,44.92,0.940,1,49.80,5497.032,6.5677,24.1160
2026-09-14T14:31:42,1691.5,473.2,27.25,12892,44.52,0.940,1,49.81,5497.074,6.5791,24.1603
2026-09-14T14:31:45,1694.7,468.4,28.23,13224,44.92,0.940,1,49.84,5497.115,6.5909,24.2046
2026-09-14T14:31:48,1697.9,472.7,27.34,12925,44.52,0.940,1,49.88,5497.157,6.6023,24.2489
2026-09-14T14:31:52,1701.1,469.3,28.08,13176,44.92,0.940,1,49.92,5497.212,6.6141,24.2932
2026-09-14T14:31:55,1704.9,467.5,28.32,13242,44.92,0.940,1,,,6.6278,24.2932
2026-09-14T14:31:59,1708.1,470.2,27.82,13083,44.52,0.940,1,50.24,5497.310,6.6394,24.3379
2026-09-14T14:32:02,1711.3,469.7,27.93,13118,44.52,0.940,1,50.28,5497.352,6.6511,24.3825
2026-09-14T14:32:05,1714.5,465.3,28.74,13372,44.88,0.940,1,50.17,5497.394,6.6630,24.4271
2026-09-14T14:32:08,1717.6,470.8,27.76,13071,44.52,0.940,1,50.13,5497.435,6.6746,24.4716
2026-09-14T14:32:11,1720.8,470.3,27.86,13105,44.48,0.940,1,50.11,5497.477,6.6862,24.5161
2026-09-14T14:32:15,1724.0,469.5,28.04,13164,44.88,0.940,1,50.06,5497.519,6.6979,24.5606
2026-09-14T14:32:18,1727.2,467.6,28.43,13293,44.88,0.940,1,49.99,5497.575,6.7097,24.6050
2026-09-14T14:32:21,1730.4,468.8,28.18,13212,44.88,0.940,1,49.91,5497.616,6.7215,24.6494
2026-09-14T14:32:24,1733.6,466.2,28.68,13369,44.92,0.940,1,49.90,5497.658,6.7333,24.6937
2026-09-14T14:32:27,1736.8,469.7,28.01,13155,44.88,0.940,1,49.95,5497.699,6.7450,24.7381
2026-09-14T14:32:31,1740.0,472.2,27.46,12966,44.52,0.940,1,50.02,5497.741,6.7565,24.7825
2026-09-14T14:32:34,1743.2,470.6,27.80,13081,44.48,0.940,1,50.08,5497.797,6.7682,24.8270
2026-09-14T14:32:37,1746.4,469.9,27.92,13120,44.52,0.940,1,50.10,5497.838,6.7798,24.8715
2026-09-14T14:32:40,1749.6,469.8,27.95,13132,44.48,0.940,1,50.03,5497.880,6.7915,24.9159
2026-09-14T14:32:43,1752.8,471.0,27.71,13052,44.48,0.940,1,49.99,5497.922,6.8031,24.9603
2026-09-14T14:32:47,1756.0,460.6,29.58,13624,45.28,0.940,1,49.91,5497.963,6.8152,25.0047
2026-09-14T14:32:50,1759.2,473.1,27.25,12895,44.52,0.940,1,49.99,5498.019,6.8266,25.0491
2026-09-14T14:32:53,1762.4,466.3,28.53,13305,44.88,0.940,1,50.08,5498.061,6.8384,25.0936
2026-09-14T14:32:56,1765.6,472.1,27.42,12947,44.48,0.940,1,50.16,5498.102,6.8500,25.1381
2026-09-14T14:32:59,1768.8,469.7,27.90,13107,44.48,0.940,1,50.11,5498.144,6.8616,25.1826
2026-09-14T14:33:03,1772.0,469.1,28.00,13133,44.52,0.940,1,50.01,5498.186,6.8733,25.2271
2026-09-14T14:33:06,1775.2,467.8,28.31,13241,44.88,0.940,1,50.01,5498.241,6.8850,25.2715
2026-09-14T14:33:09,1778.4,470.0,27.88,13103,44.48,0.940,1,50.09,5498.283,6.8967,25.3160
2026-09-14T14:33:12,1781.6,472.8,27.29,12904,44.48,0.940,1,50.13,5498.325,6.9081,25.3605
2026-09-14T14:33:15,1784.8,473.0,27.25,12888,44.08,0.940,1,50.08,5498.367,6.9196,25.4050
2026-09-14T14:33:19,1788.0,470.3,27.79,13069,44.52,0.940,1,50.03,5498.408,6.9312,25.4495
2026-09-14T14:33:22,1791.2,470.1,27.86,13098,44.48,0.940,1,50.04,5498.464,6.9428,25.4939
2026-09-14T14:33:25,1794.4,473.9,27.14,12859,44.12,0.940,1,50.03,5498.506,6.9542,25.5383
2026-09-14T14:33:28,1797.6,472.2,27.48,12979,44.52,0.940,1,49.95,5498.547,6.9658,25.5827
2026-09-14T14:33:31,1800.8,464.0,28.99,13450,45.28,0.940,1,49.91,5498.589,6.9777,25.6271
2026-09-14T14:33:35,1804.0,470.3,27.88,13110,44.52,0.940,1,49.91,5498.631,6.9894,25.6714
2026-09-14T14:33:38,1807.2,470.0,27.92,13126,44.48,0.940,1,49.98,5498.686,7.0010,25.7158
2026-09-14T14:33:41,1810.4,470.9,27.72,13053,44.52,0.940,1,49.93,5498.728,7.0126,25.7602
2026-09-14T14:33:44,1813.6,472.6,27.35,12927,44.52,0.940,1,49.82,5498.769,7.0241,25.8044
2026-09-14T14:33:47,1816.8,473.1,27.25,12895,44.52,0.940,1,49.67,5498.811,7.0356,25.8485
2026-09-14T14:33:51,1820.0,465.1,28.78,13384,44.88,0.940,1,49.73,5498.852,7.0475,25.8927
2026-09-14T14:33:54,1823.2,472.1,27.43,12952,44.48,0.940,1,49.81,5498.907,7.0590,25.9369
2026-09-14T14:33:57,1826.4,469.1,28.06,13160,44.88,0.940,1,49.78,5498.949,7.0706,25.9812
2026-09-14T14:34:00,1829.6,469.8,27.96,13133,44.88,0.940,1,49.73,5498.990,7.0823,26.0254
2026-09-14T14:34:03,1832.8,472.8,27.47,12987,44.52,0.940,1,49.77,5499.032,7.0939,26.0696
2026-09-14T14:34:07,1836.0,471.4,27.78,13095,44.48,0.940,1,49.96,5499.073,7.1055,26.1140
2026-09-14T14:34:10,1839.2,473.8,27.29,12930,44.48,0.940,1,50.08,5499.129,7.1170,26.1584
2026-09-14T14:34:13,1842.4,470.6,27.97,13163,44.48,0.940,1,50.12,5499.171,7.1287,26.2030
2026-09-14T14:34:16,1845.6,472.4,27.65,13065,44.48,0.940,1,50.03,5499.212,7.1403,26.2474
2026-09-14T14:34:19,1848.8,470.5,28.04,13196,44.92,0.940,1,49.99,5499.254,7.1520,26.2918
2026-09-14T14:34:23,1852.0,471.4,27.89,13144,44.48,0.940,1,49.94,5499.296,7.1637,26.3362
2026-09-14T14:34:26,1855.2,469.4,28.27,13267,44.88,0.940,1,49.85,5499.351,7.1755,26.3805
2026-09-14T14:34:29,1858.4,468.0,28.55,13360,44.88,0.940,1,49.68,5499.393,7.1873,26.4246
2026-09-14T14:34:32,1861.6,471.7,27.82,13123,44.52,0.940,1,49.59,5499.434,7.1990,26.4686
2026-09-14T14:34:35,1864.8,471.2,27.91,13153,44.48,0.940,1,49.64,5499.475,7.2107,26.5127
2026-09-14T14:34:39,1868.0,468.2,28.47,13327,44.88,0.940,1,49.71,5499.517,7.2225,26.5569
2026-09-14T14:34:42,1871.2,470.1,28.09,13203,44.92,0.940,1,49.78,5499.572,7.2342,26.6011
2026-09-14T14:34:45,1874.4,466.8,28.68,13390,44.88,0.940,1,49.86,5499.613,7.2461,26.6454
2026-09-14T14:34:48,1877.6,471.9,27.62,13036,44.48,0.940,1,50.03,5499.655,7.2577,26.6899
2026-09-14T14:34:51,1880.7,473.0,27.39,12956,44.48,0.940,1,50.14,5499.697,7.2692,26.7344
2026-09-14T14:34:55,1883.9,473.2,27.33,12934,44.48,0.940,1,50.16,5499.739,7.2807,26.7789
2026-09-14T14:34:58,1887.1,473.9,27.21,12895,44.48,0.940,1,50.15,5499.794,7.2922,26.8235
2026-09-14T14:35:01,1890.3,467.6,28.49,13323,44.88,0.940,1,50.19,5499.836,7.3040,26.8681
2026-09-14T14:35:04,1893.5,471.5,27.75,13084,44.48,0.940,1,50.23,5499.878,7.3156,26.9127
2026-09-14T14:35:07,1896.7,470.6,27.88,13123,44.52,0.940,1,50.16,5499.920,7.3273,26.9573
2026-09-14T14:35:11,1899.9,473.9,27.20,12891,44.12,0.940,1,50.05,5499.962,7.3387,27.0017
2026-09-14T14:35:14,1903.1,468.5,28.26,13238,44.88,0.940,1,50.02,5500.017,7.3505,27.0462
2026-09-14T14:35:17,1906.3,469.3,28.10,13188,44.88,0.940,1,50.05,5500.059,7.3622,27.0906
2026-09-14T14:35:20,1909.5,474.2,27.11,12855,44.12,0.940,1,50.05,5500.101,7.3736,27.1351
2026-09-14T14:35:23,1912.7,473.6,27.22,12891,44.52,0.940,1,49.99,5500.142,7.3851,27.1795
2026-09-14T14:35:26,1915.9,472.5,27.44,12966,44.52,0.940,1,49.87,5500.184,7.3966,27.2238
2026-09-14T14:35:30,1919.1,470.2,27.89,13114,44.48,0.940,1,49.83,5500.239,7.4082,27.2681
2026-09-14T14:35:33,1922.3,469.3,28.04,13156,44.92,0.940,1,49.86,5500.281,7.4199,27.3123
2026-09-14T14:35:36,1925.5,471.7,27.52,12984,44.52,0.940,1,49.90,5500.322,7.4315,27.3567
2026-09-14T14:35:40,1929.3,470.2,27.82,13081,44.48,0.940,1,,,7.4451,27.3567
2026-09-14T14:35:43,1932.5,472.8,27.29,12900,44.52,0.940,1,49.86,5500.419,7.4565,27.4009
2026-09-14T14:35:46,1935.7,468.9,28.03,13143,44.88,0.940,1,49.87,5500.461,7.4682,27.4452
2026-09-14T14:35:49,1938.9,471.2,27.48,12949,44.48,0.940,1,49.81,5500.503,7.4797,27.4894
2026-09-14T14:35:53,1942.1,472.8,27.15,12837,44.12,0.940,1,49.70,5500.544,7.4911,27.5336
2026-09-14T14:35:56,1945.3,468.1,28.06,13134,44.92,0.940,1,49.55,5500.599,7.5028,27.5776
2026-09-14T14:35:59,1948.4,471.0,27.58,12992,44.48,0.940,1,49.47,5500.640,7.5143,27.6215
2026-09-14T14:36:02,1951.6,473.4,27.06,12812,44.12,0.940,1,49.49,5500.682,7.5257,27.6655
2026-09-14T14:36:05,1954.8,469.1,27.92,13096,44.48,0.940,1,49.50,5500.723,7.5373,27.7094
2026-09-14T14:36:09,1958.0,468.6,27.99,13117,44.52,0.940,1,49.45,5500.764,7.5490,27.7534
2026-09-14T14:36:12,1961.2,470.7,27.58,12983,44.48,0.940,1,49.31,5500.819,7.5605,27.7972
2026-09-14T14:36:15,1964.4,471.2,27.45,12934,44.52,0.940,1,49.38,5500.860,7.5720,27.8411
2026-09-14T14:36:18,1967.6,472.4,27.19,12846,44.12,0.940,1,49.53,5500.901,7.5834,27.8851
2026-09-14T14:36:21,1970.8,471.9,27.28,12873,44.12,0.940,1,49.71,5500.943,7.5948,27.9292
2026-09-14T14:36:25,1974.0,473.2,27.03,12789,44.12,0.940,1,49.70,5500.984,7.6062,27.9734
2026-09-14T14:36:28,1977.2,471.3,27.39,12911,44.52,0.940,1,49.59,5501.039,7.6177,28.0174
2026-09-14T14:36:31,1980.4,468.2,28.00,13109,44.48,0.940,1,49.49,5501.080,7.6293,28.0614
2026-09-14T14:36:34,1983.6,474.0,26.82,12715,44.12,0.940,1,49.42,5501.122,7.6406,28.1053
2026-09-14T14:36:37,1986.8,472.7,27.10,12808,44.12,0.940,1,49.38,5501.163,7.6520,28.1491
2026-09-14T14:36:41,1990.0,472.1,27.21,12845,44.12,0.940,1,49.31,5501.204,7.6634,28.1929
2026-09-14T14:36:44,1993.2,471.5,27.32,12882,44.52,0.940,1,49.32,5501.259,7.6748,28.2368
2026-09-14T14:36:47,1996.4,469.6,27.59,12958,44.48,0.940,1,49.34,5501.300,7.6864,28.2806
2026-09-14T14:36:50,1999.6,470.2,27.47,12918,44.48,0.940,1,49.39,5501.341,7.6978,28.3245
2026-09-14T14:36:53,2002.8,471.4,27.23,12837,44.12,0.940,1,49.45,5501.382,7.7092,28.3684
2026-09-14T14:36:57,2006.0,462.1,28.84,13325,44.88,0.940,1,49.50,5501.423,7.7211,28.4123
2026-09-14T14:37:00,2009.2,470.0,27.55,12951,44.52,0.940,1,49.50,5501.478,7.7326,28.4563
2026-09-14T14:37:03,2012.4,471.9,27.18,12827,44.08,0.940,1,49.49,5501.520,7.7440,28.5003
2026-09-14T14:37:06,2015.6,471.1,27.31,12866,44.12,0.940,1,49.38,5501.561,7.7554,28.5442
2026-09-14T14:37:09,2018.8,468.7,27.76,13012,44.52,0.940,1,49.41,5501.602,7.7670,28.5880
2026-09-14T14:37:13,2022.0,469.9,27.53,12933,44.52,0.940,1,49.42,5501.643,7.7784,28.6320
2026-09-14T14:37:16,2025.2,471.6,27.20,12827,44.12,0.940,1,49.56,5501.698,7.7898,28.6760
2026-09-14T14:37:19,2028.4,471.0,27.31,12864,44.48,0.940,1,49.57,5501.739,7.8013,28.7200
2026-09-14T14:37:22,2031.6,472.3,27.04,12770,44.12,0.940,1,49.53,5501.781,7.8126,28.7640
2026-09-14T14:37:25,2034.8,471.9,27.12,12799,44.12,0.940,1,49.45,5501.822,7.8240,28.8079
2026-09-14T14:37:29,2038.0,470.5,27.39,12889,44.52,0.940,1,49.41,5501.863,7.8354,28.8518
2026-09-14T14:37:32,2041.2,473.2,26.85,12703,44.12,0.940,1,49.50,5501.918,7.8467,28.8958
2026-09-14T14:37:35,2044.4,467.7,27.91,13052,44.48,0.940,1,49.56,5501.959,7.8583,28.9398
2026-09-14T14:37:38,2047.6,467.2,27.99,13077,44.52,0.940,1,49.59,5502.001,7.8699,28.9839
2026-09-14T14:37:41,2050.8,466.7,28.07,13099,44.48,0.940,1,49.54,5502.042,7.8816,29.0279
2026-09-14T14:37:45,2054.0,468.4,27.65,12952,44.48,0.940,1,49.55,5502.083,7.8931,29.0719
2026-09-14T14:37:48,2057.2,468.9,27.55,12919,44.48,0.940,1,49.47,5502.138,7.9045,29.1159
2026-09-14T14:37:51,2060.4,470.3,27.29,12833,44.08,0.940,1,49.37,5502.180,7.9159,29.1597
2026-09-14T14:37:54,2063.6,473.6,26.61,12603,44.12,0.940,1,49.30,5502.221,7.9271,29.2035
2026-09-14T14:37:57,2066.8,469.0,27.60,12946,44.52,0.940,1,49.37,5502.262,7.9386,29.2474
2026-09-14T14:38:01,2070.0,471.0,27.21,12817,44.08,0.940,1,49.60,5502.303,7.9500,29.2912
2026-09-14T14:38:04,2073.2,470.0,27.41,12882,44.48,0.940,1,49.67,5502.358,7.9614,29.3353
2026-09-14T14:38:07,2076.4,467.9,27.81,13012,44.52,0.940,1,49.52,5502.399,7.9730,29.3793
2026-09-14T14:38:10,2079.6,469.0,27.58,12932,44.52,0.940,1,49.31,5502.441,7.9845,29.4231
2026-09-14T14:38:13,2082.7,473.2,26.72,12645,44.08,0.940,1,49.23,5502.482,7.9957,29.4669
2026-09-14T14:38:17,2085.9,469.8,27.38,12866,44.52,0.940,1,49.33,5502.523,8.0071,29.5107
2026-09-14T14:38:20,2089.7,468.5,27.65,12952,44.48,0.940,1,,,8.0206,29.5107
2026-09-14T14:38:23,2092.9,469.0,27.51,12902,44.52,0.940,1,49.31,5502.619,8.0321,29.5545
2026-09-14T14:38:27,2096.1,470.2,27.25,12814,44.12,0.940,1,49.28,5502.660,8.0435,29.5983
2026-09-14T14:38:30,2099.3,473.1,26.62,12594,44.12,0.940,1,49.32,5502.715,8.0547,29.6421
2026-09-14T14:38:33,2102.5,466.4,27.96,13038,44.48,0.940,1,49.40,5502.756,8.0663,29.6860
2026-09-14T14:38:36,2105.7,468.8,27.46,12875,44.52,0.940,1,49.38,5502.797,8.0777,29.7298
2026-09-14T14:38:39,2108.9,469.1,27.41,12856,44.52,0.940,1,49.38,5502.838,8.0891,29.7737
2026-09-14T14:38:43,2112.1,465.9,27.89,12995,44.48,0.940,1,49.38,5502.879,8.1007,29.8178
